由邢不行整理，2020新版|Python数字货币量化投资课程示例文件
candle_begin_time,open,high,low,close,volume
2020-03-02 00:06:00+00:00,8509.2,8509.2,8499.2,8499.2,25.30017108
2020-03-02 00:07:00+00:00,8499.2,8507.8,8499.2,8505.9,23.88238039
2020-03-02 00:08:00+00:00,8505.9,8516.6,8505.6,8516.3,26.38186328
2020-03-02 00:09:00+00:00,8516.2,8524.2,8515.1,8518.8,11.17163627
2020-03-02 00:10:00+00:00,8518.9,8518.9,8508.7,8517.0,12.040533
2020-03-02 00:11:00+00:00,8516.9,8521.1,8516.2,8519.1,28.42881017
2020-03-02 00:12:00+00:00,8519.1,8519.1,8512.3,8514.9,8.48244633
2020-03-02 00:13:00+00:00,8514.9,8520.1,8513.7,8520.0,4.11477105
2020-03-02 00:14:00+00:00,8520.0,8523.1,8519.2,8523.1,38.90773975
2020-03-02 00:15:00+00:00,8523.0,8526.8,8523.0,8526.5,29.03361499
2020-03-02 00:16:00+00:00,8526.5,8536.6,8519.2,8532.9,12.40591747
2020-03-02 00:17:00+00:00,8533.0,8547.1,8533.0,8540.1,50.87704188
2020-03-02 00:18:00+00:00,8540.0,8547.2,8539.8,8539.8,19.93362784
2020-03-02 00:19:00+00:00,8539.8,8544.0,8539.6,8542.0,17.21814785
2020-03-02 00:20:00+00:00,8542.0,8549.9,8541.4,8541.5,24.97447534
2020-03-02 00:21:00+00:00,8541.5,8541.5,8534.1,8535.9,21.16665533
2020-03-02 00:22:00+00:00,8536.2,8538.2,8531.0,8538.2,25.15780974
2020-03-02 00:23:00+00:00,8538.2,8538.2,8534.2,8535.2,16.38649178
2020-03-02 00:24:00+00:00,8536.1,8540.7,8527.2,8539.0,19.38024433
2020-03-02 00:25:00+00:00,8538.9,8547.9,8536.9,8544.9,17.17953826
2020-03-02 00:26:00+00:00,8544.9,8548.8,8544.8,8546.9,22.29310139
2020-03-02 00:27:00+00:00,8546.8,8548.0,8542.1,8543.7,20.47622686
2020-03-02 00:28:00+00:00,8543.6,8544.9,8537.6,8537.6,21.96243645
2020-03-02 00:29:00+00:00,8537.5,8537.9,8533.2,8534.1,7.45813917
2020-03-02 00:30:00+00:00,8534.1,8542.9,8533.3,8542.9,34.40415053
2020-03-02 00:31:00+00:00,8542.9,8549.2,8542.1,8548.0,10.99223637
2020-03-02 00:32:00+00:00,8547.5,8553.8,8546.6,8546.7,17.56926015
2020-03-02 00:33:00+00:00,8545.5,8551.5,8542.4,8550.5,5.80611726
2020-03-02 00:34:00+00:00,8550.5,8551.1,8545.1,8546.5,23.72637616
2020-03-02 00:35:00+00:00,8545.4,8560.0,8543.6,8558.3,20.58671134
2020-03-02 00:36:00+00:00,8558.2,8559.9,8554.0,8559.8,17.18010328
2020-03-02 00:37:00+00:00,8559.8,8567.3,8559.8,8564.5,18.48570222
2020-03-02 00:38:00+00:00,8564.6,8570.5,8558.4,8558.5,46.5501601
2020-03-02 00:39:00+00:00,8558.4,8562.2,8553.8,8559.2,41.78923851
2020-03-02 00:40:00+00:00,8559.6,8559.6,8553.5,8555.3,21.57326632
2020-03-02 00:41:00+00:00,8555.3,8558.8,8548.7,8558.8,13.35942572
2020-03-02 00:42:00+00:00,8558.9,8560.9,8554.6,8554.6,52.56413827
2020-03-02 00:43:00+00:00,8554.5,8557.0,8549.2,8551.5,6.92012413
2020-03-02 00:44:00+00:00,8551.1,8557.0,8550.9,8555.2,9.74334733
2020-03-02 00:45:00+00:00,8556.7,8559.5,8548.9,8548.9,39.34948446
2020-03-02 00:46:00+00:00,8548.8,8550.7,8546.1,8549.5,20.84724086
2020-03-02 00:47:00+00:00,8549.4,8549.5,8545.1,8547.5,12.37066504
2020-03-02 00:48:00+00:00,8547.5,8555.7,8547.5,8552.3,18.31729645
2020-03-02 00:49:00+00:00,8552.3,8552.3,8546.2,8548.3,21.28192764
2020-03-02 00:50:00+00:00,8548.3,8549.5,8544.5,8549.3,12.35681508
2020-03-02 00:51:00+00:00,8549.2,8563.6,8548.1,8562.3,38.26542208
2020-03-02 00:52:00+00:00,8562.6,8571.6,8562.6,8570.3,10.0973171
2020-03-02 00:53:00+00:00,8570.3,8570.3,8562.5,8569.4,7.19980153
2020-03-02 00:54:00+00:00,8569.6,8570.1,8564.6,8565.9,7.10715421
2020-03-02 00:55:00+00:00,8565.9,8570.1,8565.7,8565.8,3.83543619
2020-03-02 00:56:00+00:00,8565.8,8565.8,8557.3,8558.6,11.88848897
2020-03-02 00:57:00+00:00,8558.6,8567.7,8557.2,8566.5,12.46357597
2020-03-02 00:58:00+00:00,8567.0,8567.0,8557.6,8560.5,6.84506494
2020-03-02 00:59:00+00:00,8560.5,8561.8,8558.0,8558.0,3.05847208
2020-03-02 01:00:00+00:00,8557.9,8560.7,8548.5,8550.7,29.46931371
2020-03-02 01:01:00+00:00,8550.7,8551.7,8542.8,8542.8,11.02347109
2020-03-02 01:02:00+00:00,8542.9,8552.0,8542.9,8552.0,11.21600669
2020-03-02 01:03:00+00:00,8552.0,8552.0,8543.8,8547.0,6.58197079
2020-03-02 01:04:00+00:00,8546.2,8548.5,8545.8,8548.4,2.49978199
2020-03-02 01:05:00+00:00,8547.7,8548.8,8547.1,8547.5,5.10506782
2020-03-02 01:06:00+00:00,8547.2,8547.2,8539.9,8541.6,4.20354564
2020-03-02 01:07:00+00:00,8541.5,8552.0,8539.4,8549.3,30.56177271
2020-03-02 01:08:00+00:00,8550.0,8550.0,8544.2,8545.8,19.99462043
2020-03-02 01:09:00+00:00,8545.0,8548.6,8544.3,8546.3,14.41923276
2020-03-02 01:10:00+00:00,8545.4,8550.5,8544.7,8544.7,3.68663488
2020-03-02 01:11:00+00:00,8544.3,8546.7,8542.8,8545.2,5.66977677
2020-03-02 01:12:00+00:00,8545.0,8546.0,8544.1,8545.6,6.25564185
2020-03-02 01:13:00+00:00,8545.1,8545.2,8532.6,8532.7,9.25575584
2020-03-02 01:14:00+00:00,8532.7,8542.7,8532.7,8542.6,16.18474658
2020-03-02 01:15:00+00:00,8542.6,8545.5,8541.4,8542.1,4.05147227
2020-03-02 01:16:00+00:00,8542.0,8542.0,8528.2,8530.3,25.51609919
2020-03-02 01:17:00+00:00,8530.3,8532.4,8528.5,8528.5,19.7963355
2020-03-02 01:18:00+00:00,8528.6,8535.1,8528.6,8535.1,30.70308019
2020-03-02 01:19:00+00:00,8535.4,8536.2,8532.8,8533.8,15.31529182
2020-03-02 01:20:00+00:00,8533.8,8533.9,8528.2,8529.1,14.63869686
2020-03-02 01:21:00+00:00,8529.6,8535.7,8529.6,8534.9,14.24132674
2020-03-02 01:22:00+00:00,8535.0,8539.9,8532.8,8535.6,14.86656159
2020-03-02 01:23:00+00:00,8534.7,8536.5,8534.4,8536.2,8.03763811
2020-03-02 01:24:00+00:00,8536.4,8537.1,8535.4,8535.8,5.84113743
2020-03-02 01:25:00+00:00,8536.5,8539.6,8535.4,8537.5,11.87102774
2020-03-02 01:26:00+00:00,8537.5,8538.1,8536.3,8537.7,3.85650453
2020-03-02 01:27:00+00:00,8537.6,8538.4,8536.7,8537.7,1.37936424
2020-03-02 01:28:00+00:00,8538.2,8538.2,8527.4,8532.2,30.417869500000002
2020-03-02 01:29:00+00:00,8532.3,8532.3,8529.5,8531.5,12.86220988
2020-03-02 01:30:00+00:00,8530.3,8530.7,8516.5,8528.0,43.6048841
2020-03-02 01:31:00+00:00,8528.0,8529.2,8523.3,8525.5,5.63566335
2020-03-02 01:32:00+00:00,8525.7,8527.6,8523.7,8523.8,3.4838544999999996
2020-03-02 01:33:00+00:00,8524.8,8542.8,8523.6,8542.8,28.99605141
2020-03-02 01:34:00+00:00,8542.7,8550.0,8541.8,8550.0,14.61106779
2020-03-02 01:35:00+00:00,8550.1,8551.4,8543.4,8550.7,35.93198068
2020-03-02 01:36:00+00:00,8549.8,8553.0,8547.6,8553.0,11.74289666
2020-03-02 01:37:00+00:00,8552.9,8557.9,8552.0,8552.0,39.28018508
2020-03-02 01:38:00+00:00,8552.0,8557.9,8550.6,8552.4,23.67279737
2020-03-02 01:39:00+00:00,8552.3,8554.9,8548.8,8554.2,9.37891296
2020-03-02 01:40:00+00:00,8555.2,8567.0,8555.2,8563.0,49.48429148
2020-03-02 01:41:00+00:00,8563.4,8563.4,8555.4,8556.3,12.99912404
2020-03-02 01:42:00+00:00,8556.3,8557.5,8550.1,8552.6,14.57847591
2020-03-02 01:43:00+00:00,8552.6,8557.6,8549.8,8553.7,14.01515223
2020-03-02 01:44:00+00:00,8553.6,8555.4,8548.0,8548.3,21.45818406
2020-03-02 01:45:00+00:00,8548.9,8555.2,8548.1,8555.1,12.41997973
2020-03-02 01:46:00+00:00,8555.2,8556.7,8551.1,8556.2,3.07185717
2020-03-02 01:47:00+00:00,8556.2,8556.5,8553.3,8554.8,4.99076166
2020-03-02 01:48:00+00:00,8553.6,8568.6,8553.6,8568.6,13.14332982
2020-03-02 01:49:00+00:00,8568.9,8572.0,8566.7,8571.9,26.13868324
2020-03-02 01:50:00+00:00,8571.9,8572.0,8563.4,8563.9,67.56432559
2020-03-02 01:51:00+00:00,8563.8,8572.6,8561.1,8569.7,22.99253664
2020-03-02 01:52:00+00:00,8571.0,8571.3,8562.4,8564.0,21.89414957
2020-03-02 01:53:00+00:00,8564.0,8564.0,8556.8,8558.8,11.77977138
2020-03-02 01:54:00+00:00,8559.3,8560.6,8558.4,8560.6,7.97039427
2020-03-02 01:55:00+00:00,8560.6,8571.3,8558.9,8571.0,14.55902973
2020-03-02 01:56:00+00:00,8571.0,8571.1,8564.0,8567.7,14.29849098
2020-03-02 01:57:00+00:00,8567.6,8569.7,8560.0,8561.0,4.71803672
2020-03-02 01:58:00+00:00,8561.3,8565.2,8561.3,8565.2,6.14248553
2020-03-02 01:59:00+00:00,8565.2,8565.9,8560.5,8561.1,14.65344886
2020-03-02 02:00:00+00:00,8561.2,8568.1,8560.0,8560.1,12.92396511
2020-03-02 02:01:00+00:00,8560.0,8560.9,8558.8,8560.2,3.25587009
2020-03-02 02:02:00+00:00,8560.2,8561.2,8559.6,8559.6,3.36859875
2020-03-02 02:03:00+00:00,8559.3,8560.1,8558.1,8560.0,2.30416582
2020-03-02 02:04:00+00:00,8560.1,8566.7,8558.6,8566.7,3.79887257
2020-03-02 02:05:00+00:00,8567.3,8583.8,8565.8,8580.4,55.18558028
2020-03-02 02:06:00+00:00,8580.2,8595.0,8576.6,8594.9,68.75090833
2020-03-02 02:07:00+00:00,8594.9,8595.0,8585.4,8587.2,43.25138324
2020-03-02 02:08:00+00:00,8587.2,8592.9,8587.1,8590.6,19.28122991
2020-03-02 02:09:00+00:00,8590.5,8590.6,8582.7,8588.6,22.18037762
2020-03-02 02:10:00+00:00,8587.8,8588.4,8573.6,8577.1,36.99352031
2020-03-02 02:11:00+00:00,8577.0,8585.8,8575.4,8578.3,13.40481578
2020-03-02 02:12:00+00:00,8577.8,8583.7,8577.8,8581.7,13.01445331
2020-03-02 02:13:00+00:00,8581.8,8582.8,8579.9,8581.6,10.6981248
2020-03-02 02:14:00+00:00,8580.8,8588.0,8579.9,8586.7,26.148473899999995
2020-03-02 02:15:00+00:00,8587.0,8587.3,8580.1,8582.0,7.24581515
2020-03-02 02:16:00+00:00,8582.7,8582.8,8571.0,8572.3,20.9708595
2020-03-02 02:17:00+00:00,8572.3,8573.7,8562.0,8566.1,35.7962342
2020-03-02 02:18:00+00:00,8566.1,8573.4,8565.3,8573.4,17.76344701
2020-03-02 02:19:00+00:00,8573.6,8575.1,8566.3,8568.2,19.34890077
2020-03-02 02:20:00+00:00,8566.9,8573.6,8566.9,8571.9,25.88724564
2020-03-02 02:21:00+00:00,8572.0,8579.5,8572.0,8577.8,9.28603442
2020-03-02 02:22:00+00:00,8577.9,8578.9,8576.4,8578.9,8.67663326
2020-03-02 02:23:00+00:00,8578.9,8578.9,8574.2,8574.8,16.79931734
2020-03-02 02:24:00+00:00,8573.6,8579.9,8572.2,8577.3,12.38676705
2020-03-02 02:25:00+00:00,8576.8,8580.3,8572.1,8573.3,24.58393409
2020-03-02 02:26:00+00:00,8573.4,8576.6,8568.7,8569.5,27.0025001
2020-03-02 02:27:00+00:00,8569.4,8570.2,8563.8,8566.0,20.46843583
2020-03-02 02:28:00+00:00,8565.9,8567.7,8563.8,8567.7,11.79798299
2020-03-02 02:29:00+00:00,8567.9,8571.7,8567.4,8571.7,5.60333721
2020-03-02 02:30:00+00:00,8571.9,8589.6,8570.8,8587.8,37.26036471
2020-03-02 02:31:00+00:00,8587.2,8617.2,8587.2,8615.8,190.79698027
2020-03-02 02:32:00+00:00,8615.2,8627.1,8611.0,8620.0,46.26652375
2020-03-02 02:33:00+00:00,8620.1,8626.0,8615.7,8617.4,172.81956968
2020-03-02 02:34:00+00:00,8617.5,8625.9,8611.5,8612.9,70.5892978
2020-03-02 02:35:00+00:00,8613.0,8624.6,8612.3,8624.5,23.38701458
2020-03-02 02:36:00+00:00,8624.5,8624.8,8620.6,8621.2,16.07806596
2020-03-02 02:37:00+00:00,8621.1,8621.5,8613.2,8613.3,19.59363795
2020-03-02 02:38:00+00:00,8612.6,8614.9,8607.7,8607.9,29.48825002
2020-03-02 02:39:00+00:00,8607.9,8607.9,8602.1,8606.2,58.42395867
2020-03-02 02:40:00+00:00,8606.2,8613.1,8606.2,8611.1,31.61053696
2020-03-02 02:41:00+00:00,8610.4,8613.6,8608.9,8613.6,9.92807254
2020-03-02 02:42:00+00:00,8613.7,8621.6,8613.7,8619.9,37.04003398
2020-03-02 02:43:00+00:00,8618.9,8623.4,8616.9,8623.4,20.57216225
2020-03-02 02:44:00+00:00,8623.4,8626.9,8620.7,8623.1,34.74368035
2020-03-02 02:45:00+00:00,8623.1,8624.5,8610.8,8612.3,46.39017242
2020-03-02 02:46:00+00:00,8612.2,8623.8,8610.9,8618.9,50.70705566
2020-03-02 02:47:00+00:00,8619.0,8619.7,8609.5,8611.1,11.90267644
2020-03-02 02:48:00+00:00,8611.1,8611.7,8608.3,8608.3,16.298653899999998
2020-03-02 02:49:00+00:00,8608.6,8620.1,8608.5,8618.1,17.52874591
2020-03-02 02:50:00+00:00,8618.2,8623.4,8616.3,8623.4,8.56488538
2020-03-02 02:51:00+00:00,8623.4,8629.1,8623.4,8629.1,41.5783672
2020-03-02 02:52:00+00:00,8629.1,8640.0,8618.6,8637.5,208.03866596
2020-03-02 02:53:00+00:00,8637.5,8643.2,8633.7,8641.8,108.55447264
2020-03-02 02:54:00+00:00,8641.9,8641.9,8635.3,8636.1,40.97887545
2020-03-02 02:55:00+00:00,8636.0,8648.3,8635.3,8645.7,45.24438269
2020-03-02 02:56:00+00:00,8645.9,8652.6,8642.9,8642.9,42.50391858
2020-03-02 02:57:00+00:00,8642.8,8647.4,8626.9,8629.1,204.40446227
2020-03-02 02:58:00+00:00,8629.1,8629.1,8621.3,8621.7,31.70340008
2020-03-02 02:59:00+00:00,8621.6,8628.3,8620.3,8624.9,24.3199992
2020-03-02 03:00:00+00:00,8624.9,8647.0,8624.9,8641.8,108.74105589
2020-03-02 03:01:00+00:00,8642.7,8648.0,8635.4,8635.5,35.93262137
2020-03-02 03:02:00+00:00,8635.5,8641.7,8632.3,8632.3,34.68111883
2020-03-02 03:03:00+00:00,8632.3,8637.5,8631.8,8637.5,8.75177946
2020-03-02 03:04:00+00:00,8637.5,8639.7,8633.3,8635.3,13.69140522
2020-03-02 03:05:00+00:00,8635.3,8636.8,8633.9,8633.9,18.35533606
2020-03-02 03:06:00+00:00,8633.9,8633.9,8620.1,8623.5,21.03979802
2020-03-02 03:07:00+00:00,8622.8,8624.4,8614.7,8619.7,21.70919739
2020-03-02 03:08:00+00:00,8619.6,8621.6,8614.1,8614.5,23.6476636
2020-03-02 03:09:00+00:00,8614.6,8620.1,8610.8,8614.8,34.67786211
2020-03-02 03:10:00+00:00,8614.9,8620.3,8613.3,8614.7,33.27336699
2020-03-02 03:11:00+00:00,8614.7,8615.9,8609.4,8612.5,28.60118714
2020-03-02 03:12:00+00:00,8612.4,8612.4,8606.2,8607.4,12.18686323
2020-03-02 03:13:00+00:00,8607.4,8615.0,8607.4,8611.7,27.60252134
2020-03-02 03:14:00+00:00,8611.7,8619.1,8611.7,8615.1,16.39821492
2020-03-02 03:15:00+00:00,8615.1,8615.2,8602.9,8604.4,25.51607728
2020-03-02 03:16:00+00:00,8604.4,8608.5,8603.6,8604.8,19.75531822
2020-03-02 03:17:00+00:00,8604.7,8615.9,8604.7,8614.6,25.82804236
2020-03-02 03:18:00+00:00,8614.0,8614.9,8613.0,8613.0,7.70503078
2020-03-02 03:19:00+00:00,8613.0,8619.9,8612.0,8619.6,19.03040514
2020-03-02 03:20:00+00:00,8619.5,8620.0,8618.3,8619.9,20.60733298
2020-03-02 03:21:00+00:00,8620.0,8621.3,8610.0,8610.0,24.1795763
2020-03-02 03:22:00+00:00,8610.1,8615.8,8606.0,8615.8,26.69561375
2020-03-02 03:23:00+00:00,8616.1,8619.9,8615.3,8618.8,14.41554961
2020-03-02 03:24:00+00:00,8618.9,8624.1,8618.9,8623.7,28.47383181
2020-03-02 03:25:00+00:00,8623.8,8624.8,8623.3,8624.0,33.60989161
2020-03-02 03:26:00+00:00,8624.1,8624.1,8613.6,8620.9,53.52351695
2020-03-02 03:27:00+00:00,8620.9,8624.8,8613.5,8624.8,44.95469883
2020-03-02 03:28:00+00:00,8624.9,8629.6,8624.9,8629.2,22.49041364
2020-03-02 03:29:00+00:00,8629.2,8633.7,8627.1,8632.4,31.56201175
2020-03-02 03:30:00+00:00,8632.5,8632.5,8628.5,8630.8,24.27299042
2020-03-02 03:31:00+00:00,8631.3,8631.3,8622.9,8623.5,17.48932232
2020-03-02 03:32:00+00:00,8624.2,8628.6,8624.2,8625.7,26.35418994
2020-03-02 03:33:00+00:00,8624.8,8624.8,8618.3,8618.3,14.11749698
2020-03-02 03:34:00+00:00,8618.3,8623.2,8618.3,8623.1,13.09753699
2020-03-02 03:35:00+00:00,8623.1,8629.9,8623.1,8628.4,20.82380619
2020-03-02 03:36:00+00:00,8628.4,8629.5,8621.7,8621.7,13.03222744
2020-03-02 03:37:00+00:00,8621.7,8622.2,8612.3,8612.8,12.89098124
2020-03-02 03:38:00+00:00,8612.3,8618.7,8611.5,8616.8,12.1449274
2020-03-02 03:39:00+00:00,8616.8,8619.4,8614.4,8614.4,13.66719181
2020-03-02 03:40:00+00:00,8614.5,8620.8,8614.5,8618.8,40.94283941
2020-03-02 03:41:00+00:00,8618.9,8618.9,8610.9,8611.6,22.77626495
2020-03-02 03:42:00+00:00,8612.4,8615.1,8612.2,8612.3,12.56644349
2020-03-02 03:43:00+00:00,8613.1,8613.8,8604.2,8605.6,22.86271641
2020-03-02 03:44:00+00:00,8605.6,8617.8,8605.6,8617.5,19.07899027
2020-03-02 03:45:00+00:00,8617.5,8617.5,8612.4,8617.4,50.32130917
2020-03-02 03:46:00+00:00,8617.3,8618.1,8615.7,8616.7,22.62185836
2020-03-02 03:47:00+00:00,8616.9,8625.0,8616.9,8624.9,81.61277176
2020-03-02 03:48:00+00:00,8624.4,8624.4,8618.7,8619.0,39.22017373
2020-03-02 03:49:00+00:00,8619.0,8623.4,8618.1,8623.3,32.56949556
2020-03-02 03:50:00+00:00,8623.4,8624.6,8620.5,8620.6,13.1317063
2020-03-02 03:51:00+00:00,8620.6,8624.9,8614.7,8614.7,26.78473328
2020-03-02 03:52:00+00:00,8614.8,8614.8,8609.8,8611.9,15.53110863
2020-03-02 03:53:00+00:00,8611.8,8611.8,8604.0,8606.9,40.35883913
2020-03-02 03:54:00+00:00,8606.8,8621.0,8606.8,8621.0,19.65455935
2020-03-02 03:55:00+00:00,8621.0,8621.0,8612.3,8612.8,26.88864866
2020-03-02 03:56:00+00:00,8612.2,8612.8,8606.1,8610.3,17.36369314
2020-03-02 03:57:00+00:00,8610.3,8612.7,8606.0,8608.7,18.15239744
2020-03-02 03:58:00+00:00,8608.5,8609.8,8604.0,8604.1,8.49410171
2020-03-02 03:59:00+00:00,8604.1,8606.0,8602.1,8603.1,12.9438875
2020-03-02 04:00:00+00:00,8603.1,8603.1,8597.3,8598.1,53.71675975
2020-03-02 04:01:00+00:00,8598.3,8606.3,8598.3,8600.7,24.50596551
2020-03-02 04:02:00+00:00,8601.6,8620.0,8601.5,8617.9,62.99768143
2020-03-02 04:03:00+00:00,8617.9,8623.7,8614.0,8623.7,32.66663061
2020-03-02 04:04:00+00:00,8623.8,8625.4,8620.3,8625.3,36.61285293
2020-03-02 04:05:00+00:00,8624.7,8624.7,8617.3,8621.8,30.3605137
2020-03-02 04:06:00+00:00,8621.8,8623.1,8619.5,8619.7,5.8343999
2020-03-02 04:07:00+00:00,8619.8,8627.5,8619.8,8626.3,43.96408637
2020-03-02 04:08:00+00:00,8626.3,8632.5,8626.3,8629.0,38.15067785
2020-03-02 04:09:00+00:00,8628.5,8631.1,8625.4,8629.7,36.56551048
2020-03-02 04:10:00+00:00,8629.7,8633.5,8628.3,8633.0,50.42646457
2020-03-02 04:11:00+00:00,8633.1,8640.1,8633.1,8638.6,122.34602529
2020-03-02 04:12:00+00:00,8638.7,8644.4,8636.8,8642.0,54.16594531
2020-03-02 04:13:00+00:00,8641.9,8641.9,8634.1,8635.2,33.42905217
2020-03-02 04:14:00+00:00,8635.2,8640.0,8632.4,8632.4,32.964507399999995
2020-03-02 04:15:00+00:00,8632.3,8636.7,8630.3,8636.7,69.54003855
2020-03-02 04:16:00+00:00,8636.7,8636.7,8633.0,8633.8,19.22471927
2020-03-02 04:17:00+00:00,8633.7,8643.2,8633.2,8643.2,26.58622877
2020-03-02 04:18:00+00:00,8643.1,8643.3,8633.7,8635.8,40.76939614
2020-03-02 04:19:00+00:00,8636.0,8641.2,8636.0,8637.8,13.39132336
2020-03-02 04:20:00+00:00,8637.8,8637.8,8626.6,8626.6,43.50473842
2020-03-02 04:21:00+00:00,8626.6,8630.2,8623.9,8625.1,22.51886983
2020-03-02 04:22:00+00:00,8625.1,8628.2,8622.1,8628.1,28.11201559
2020-03-02 04:23:00+00:00,8628.1,8630.5,8626.6,8626.6,14.96838452
2020-03-02 04:24:00+00:00,8626.7,8626.7,8621.3,8624.0,12.05253475
2020-03-02 04:25:00+00:00,8624.0,8629.4,8624.0,8625.9,27.00749465
2020-03-02 04:26:00+00:00,8626.0,8631.5,8626.0,8626.3,27.76310581
2020-03-02 04:27:00+00:00,8626.3,8627.4,8625.7,8625.8,7.314917100000001
2020-03-02 04:28:00+00:00,8625.8,8627.3,8624.2,8624.4,24.40953449
2020-03-02 04:29:00+00:00,8624.4,8627.0,8624.4,8626.4,7.91214907
2020-03-02 04:30:00+00:00,8626.4,8626.5,8626.2,8626.3,11.35466038
2020-03-02 04:31:00+00:00,8626.4,8626.4,8620.5,8620.8,38.50020058
2020-03-02 04:32:00+00:00,8620.9,8620.9,8620.3,8620.3,1.81683911
2020-03-02 04:33:00+00:00,8620.4,8623.2,8617.7,8621.5,34.00129432
2020-03-02 04:34:00+00:00,8620.9,8627.6,8618.6,8627.0,19.61041877
2020-03-02 04:35:00+00:00,8627.1,8639.0,8627.1,8638.6,34.45926729999999
2020-03-02 04:36:00+00:00,8638.5,8638.9,8633.4,8636.3,25.77602237
2020-03-02 04:37:00+00:00,8635.3,8636.3,8631.5,8636.1,20.87216492
2020-03-02 04:38:00+00:00,8636.1,8637.9,8634.8,8637.4,12.33499075
2020-03-02 04:39:00+00:00,8637.4,8644.4,8636.5,8641.8,45.03271434
2020-03-02 04:40:00+00:00,8641.8,8641.9,8639.4,8639.4,24.75412467
2020-03-02 04:41:00+00:00,8639.5,8640.4,8630.6,8631.9,16.85458935
2020-03-02 04:42:00+00:00,8631.9,8634.1,8630.4,8632.0,17.48643973
2020-03-02 04:43:00+00:00,8632.1,8632.8,8626.3,8626.9,15.80604684
2020-03-02 04:44:00+00:00,8627.1,8632.8,8626.6,8632.8,15.34779139
2020-03-02 04:45:00+00:00,8632.9,8640.2,8632.9,8639.4,40.69765331
2020-03-02 04:46:00+00:00,8639.6,8640.1,8633.9,8636.9,32.38819402
2020-03-02 04:47:00+00:00,8636.9,8638.0,8628.1,8628.2,53.96855152
2020-03-02 04:48:00+00:00,8628.2,8630.1,8626.1,8627.0,49.91086795
2020-03-02 04:49:00+00:00,8626.9,8630.8,8626.9,8629.1,38.55417534
2020-03-02 04:50:00+00:00,8629.1,8629.1,8627.1,8628.9,37.88569983
2020-03-02 04:51:00+00:00,8629.0,8637.8,8628.9,8637.8,36.19580586
2020-03-02 04:52:00+00:00,8637.8,8637.8,8633.0,8636.3,18.53978537
2020-03-02 04:53:00+00:00,8636.7,8637.0,8633.1,8633.7,25.7226788
2020-03-02 04:54:00+00:00,8633.7,8640.6,8629.8,8631.2,34.00563344
2020-03-02 04:55:00+00:00,8631.3,8640.0,8631.0,8637.2,30.69125645
2020-03-02 04:56:00+00:00,8637.1,8643.5,8635.3,8643.4,17.19789776
2020-03-02 04:57:00+00:00,8643.4,8644.5,8635.6,8636.9,14.95682236
2020-03-02 04:58:00+00:00,8636.8,8643.2,8636.8,8643.2,15.50089681
2020-03-02 04:59:00+00:00,8643.1,8643.3,8641.9,8642.8,10.38075587
2020-03-02 05:00:00+00:00,8642.8,8644.4,8642.8,8644.4,2.7854818999999997
2020-03-02 05:01:00+00:00,8644.4,8650.6,8644.3,8647.5,90.47220557
2020-03-02 05:02:00+00:00,8648.2,8650.3,8644.4,8645.9,32.84029111
2020-03-02 05:03:00+00:00,8646.0,8648.6,8644.8,8647.1,33.090063
2020-03-02 05:04:00+00:00,8646.5,8646.5,8641.2,8646.0,34.11725019
2020-03-02 05:05:00+00:00,8646.1,8646.6,8639.9,8640.0,21.2435527
2020-03-02 05:06:00+00:00,8639.9,8647.0,8639.9,8643.9,39.27634705
2020-03-02 05:07:00+00:00,8643.8,8646.2,8643.8,8646.1,8.65711244
2020-03-02 05:08:00+00:00,8646.1,8646.1,8642.9,8644.3,27.74555324
2020-03-02 05:09:00+00:00,8644.2,8645.4,8642.6,8644.3,15.54536136
2020-03-02 05:10:00+00:00,8644.3,8644.4,8641.3,8641.8,34.40958746
2020-03-02 05:11:00+00:00,8641.8,8644.1,8628.6,8636.7,55.19496954
2020-03-02 05:12:00+00:00,8636.6,8636.6,8623.7,8628.2,62.84559229999999
2020-03-02 05:13:00+00:00,8628.2,8631.6,8624.3,8625.4,42.16341323
2020-03-02 05:14:00+00:00,8625.5,8634.0,8625.4,8628.9,62.47439028
2020-03-02 05:15:00+00:00,8628.8,8628.8,8624.8,8626.0,28.394337100000005
2020-03-02 05:16:00+00:00,8626.3,8627.1,8621.1,8626.6,48.45293608
2020-03-02 05:17:00+00:00,8626.7,8633.2,8625.0,8625.0,25.82428817
2020-03-02 05:18:00+00:00,8625.4,8629.9,8624.9,8627.5,8.71526854
2020-03-02 05:19:00+00:00,8627.0,8627.1,8623.7,8626.6,12.72388904
2020-03-02 05:20:00+00:00,8626.8,8638.2,8626.8,8638.2,14.86059734
2020-03-02 05:21:00+00:00,8638.2,8638.2,8631.5,8631.5,49.15891017
2020-03-02 05:22:00+00:00,8631.5,8631.5,8626.8,8629.4,38.22234074
2020-03-02 05:23:00+00:00,8629.5,8630.5,8628.6,8629.4,7.69052799
2020-03-02 05:24:00+00:00,8628.9,8628.9,8624.0,8625.9,13.579653200000001
2020-03-02 05:25:00+00:00,8625.8,8630.7,8625.1,8628.4,39.82737099
2020-03-02 05:26:00+00:00,8628.4,8631.4,8627.5,8628.2,12.92931867
2020-03-02 05:27:00+00:00,8628.2,8630.3,8624.6,8630.3,22.30807033
2020-03-02 05:28:00+00:00,8630.4,8631.3,8623.6,8623.9,18.67675854
2020-03-02 05:29:00+00:00,8623.8,8626.1,8622.2,8626.1,15.86205621
2020-03-02 05:30:00+00:00,8626.1,8630.3,8624.5,8627.5,16.8121088
2020-03-02 05:31:00+00:00,8627.5,8630.8,8625.7,8630.7,14.85436685
2020-03-02 05:32:00+00:00,8630.7,8635.8,8630.7,8634.8,24.71933156
2020-03-02 05:33:00+00:00,8634.8,8636.1,8634.8,8635.6,14.44418751
2020-03-02 05:34:00+00:00,8635.6,8637.3,8635.5,8636.3,10.57382293
2020-03-02 05:35:00+00:00,8635.9,8636.4,8635.2,8635.3,13.88089368
2020-03-02 05:36:00+00:00,8635.4,8635.4,8628.4,8628.9,41.70256156
2020-03-02 05:37:00+00:00,8628.9,8632.5,8628.8,8630.1,29.52972676
2020-03-02 05:38:00+00:00,8630.2,8630.2,8629.1,8629.1,18.527395300000002
2020-03-02 05:39:00+00:00,8629.2,8629.6,8625.8,8625.8,37.49280069
2020-03-02 05:40:00+00:00,8625.8,8630.0,8625.3,8630.0,28.31470371
2020-03-02 05:41:00+00:00,8630.0,8630.1,8629.3,8629.3,18.6770621
2020-03-02 05:42:00+00:00,8629.3,8632.3,8629.3,8632.3,51.85511189
2020-03-02 05:43:00+00:00,8632.2,8633.1,8630.9,8633.0,32.26129616
2020-03-02 05:44:00+00:00,8631.9,8635.5,8631.9,8635.5,26.1032229
2020-03-02 05:45:00+00:00,8635.4,8635.5,8627.7,8627.8,28.41516682
2020-03-02 05:46:00+00:00,8627.8,8632.4,8627.8,8631.6,21.44631246
2020-03-02 05:47:00+00:00,8631.5,8632.9,8630.0,8632.9,27.14070212
2020-03-02 05:48:00+00:00,8632.9,8634.5,8631.7,8634.4,35.40088525
2020-03-02 05:49:00+00:00,8634.4,8635.7,8633.4,8635.0,21.76450756
2020-03-02 05:50:00+00:00,8634.9,8636.3,8634.2,8636.2,16.46754606
2020-03-02 05:51:00+00:00,8635.4,8636.3,8635.4,8636.2,0.91672847
2020-03-02 05:52:00+00:00,8636.2,8636.2,8633.4,8635.7,26.04106147
2020-03-02 05:53:00+00:00,8635.8,8640.7,8634.7,8640.7,59.11509015
2020-03-02 05:54:00+00:00,8640.7,8645.4,8640.6,8644.6,31.43430726
2020-03-02 05:55:00+00:00,8644.6,8646.0,8643.6,8643.7,15.49228272
2020-03-02 05:56:00+00:00,8643.7,8644.7,8643.7,8644.6,13.65839289
2020-03-02 05:57:00+00:00,8644.7,8650.1,8641.6,8643.0,47.71219825
2020-03-02 05:58:00+00:00,8643.7,8651.5,8642.9,8650.5,24.2135655
2020-03-02 05:59:00+00:00,8650.4,8662.4,8650.4,8658.6,64.10813255
2020-03-02 06:00:00+00:00,8658.6,8658.6,8651.4,8653.5,61.87381786
2020-03-02 06:01:00+00:00,8653.4,8656.6,8652.5,8654.6,18.79173549
2020-03-02 06:02:00+00:00,8654.4,8654.5,8646.4,8651.9,28.59414123
2020-03-02 06:03:00+00:00,8652.0,8653.1,8644.6,8645.9,26.85246577
2020-03-02 06:04:00+00:00,8646.4,8649.6,8642.5,8647.8,30.95624311
2020-03-02 06:05:00+00:00,8647.8,8649.8,8646.6,8649.7,34.35577872
2020-03-02 06:06:00+00:00,8649.7,8653.2,8649.7,8653.2,14.01938095
2020-03-02 06:07:00+00:00,8653.2,8656.2,8651.5,8656.2,35.78950728
2020-03-02 06:08:00+00:00,8656.1,8657.4,8651.2,8655.2,16.31701546
2020-03-02 06:09:00+00:00,8655.2,8655.2,8650.4,8650.5,12.34577421
2020-03-02 06:10:00+00:00,8650.6,8651.4,8647.6,8648.7,23.24081631
2020-03-02 06:11:00+00:00,8648.7,8651.5,8648.0,8649.9,33.3583059
2020-03-02 06:12:00+00:00,8649.9,8671.6,8649.9,8671.6,38.82197894
2020-03-02 06:13:00+00:00,8671.6,8679.1,8665.4,8672.6,55.93459883
2020-03-02 06:14:00+00:00,8672.7,8677.9,8665.8,8665.9,46.35884228
2020-03-02 06:15:00+00:00,8665.9,8679.4,8665.9,8678.4,46.33480685
2020-03-02 06:16:00+00:00,8678.9,8678.9,8669.5,8670.1,39.14188219
2020-03-02 06:17:00+00:00,8670.1,8677.1,8670.0,8676.8,29.88971018
2020-03-02 06:18:00+00:00,8676.8,8684.7,8675.3,8678.8,65.71417530000001
2020-03-02 06:19:00+00:00,8678.7,8683.7,8678.1,8680.3,40.70776174
2020-03-02 06:20:00+00:00,8680.4,8680.7,8674.1,8674.1,32.86883512
2020-03-02 06:21:00+00:00,8674.1,8674.5,8670.0,8670.6,15.917879199999998
2020-03-02 06:22:00+00:00,8670.6,8680.8,8670.5,8680.8,25.38197409
2020-03-02 06:23:00+00:00,8680.7,8681.4,8674.7,8675.0,36.36185387
2020-03-02 06:24:00+00:00,8674.9,8678.4,8674.9,8678.3,31.32070255
2020-03-02 06:25:00+00:00,8678.3,8684.2,8678.3,8683.4,28.31337991
2020-03-02 06:26:00+00:00,8683.9,8686.3,8679.5,8679.5,36.80443025
2020-03-02 06:27:00+00:00,8678.8,8685.1,8678.4,8684.8,36.84570705
2020-03-02 06:28:00+00:00,8684.8,8687.5,8679.0,8679.3,37.38817471
2020-03-02 06:29:00+00:00,8680.1,8685.0,8679.4,8685.0,25.12210313
2020-03-02 06:30:00+00:00,8685.1,8700.0,8685.0,8688.7,104.77770707
2020-03-02 06:31:00+00:00,8689.6,8691.7,8682.0,8682.0,25.30732888
2020-03-02 06:32:00+00:00,8681.8,8682.3,8669.7,8671.8,16.39995838
2020-03-02 06:33:00+00:00,8672.4,8672.4,8658.1,8662.3,50.29370922
2020-03-02 06:34:00+00:00,8662.2,8662.2,8654.1,8659.3,41.7561546
2020-03-02 06:35:00+00:00,8660.0,8664.0,8654.5,8654.5,22.02667273
2020-03-02 06:36:00+00:00,8654.0,8660.8,8650.5,8652.2,19.24916906
2020-03-02 06:37:00+00:00,8651.7,8659.4,8651.7,8657.9,22.7597285
2020-03-02 06:38:00+00:00,8658.0,8659.1,8651.5,8656.8,44.30172779
2020-03-02 06:39:00+00:00,8656.8,8657.8,8653.1,8655.3,42.61621612
2020-03-02 06:40:00+00:00,8655.3,8655.3,8643.1,8643.4,134.44942065
2020-03-02 06:41:00+00:00,8643.0,8652.8,8640.7,8652.3,45.87893832
2020-03-02 06:42:00+00:00,8652.3,8653.3,8650.8,8650.8,21.24301237
2020-03-02 06:43:00+00:00,8650.8,8650.9,8642.9,8646.4,39.09977431
2020-03-02 06:44:00+00:00,8646.5,8652.1,8646.5,8649.4,27.833967699999995
2020-03-02 06:45:00+00:00,8649.4,8656.8,8649.4,8653.5,35.05833065
2020-03-02 06:46:00+00:00,8653.2,8653.2,8644.0,8644.0,24.46769611
2020-03-02 06:47:00+00:00,8643.4,8643.4,8637.1,8637.9,48.54085135
2020-03-02 06:48:00+00:00,8637.5,8640.3,8634.6,8637.6,50.35551313
2020-03-02 06:49:00+00:00,8637.6,8648.7,8637.6,8645.4,48.28856812
2020-03-02 06:50:00+00:00,8645.5,8646.4,8637.5,8644.0,71.49518869
2020-03-02 06:51:00+00:00,8645.1,8645.8,8637.2,8639.5,14.69422422
2020-03-02 06:52:00+00:00,8639.5,8646.0,8639.2,8645.9,14.54577949
2020-03-02 06:53:00+00:00,8646.0,8646.0,8642.5,8642.5,11.87614825
2020-03-02 06:54:00+00:00,8642.2,8642.2,8634.4,8634.4,12.89637767
2020-03-02 06:55:00+00:00,8633.7,8641.9,8632.9,8636.9,33.71260354
2020-03-02 06:56:00+00:00,8636.9,8637.6,8634.9,8637.6,28.30120521
2020-03-02 06:57:00+00:00,8637.7,8637.7,8627.9,8634.7,35.53262373
2020-03-02 06:58:00+00:00,8634.6,8635.2,8630.2,8633.9,9.22193733
2020-03-02 06:59:00+00:00,8634.3,8634.3,8624.6,8624.7,18.68607782
2020-03-02 07:00:00+00:00,8624.7,8641.5,8624.7,8641.4,45.60391008
2020-03-02 07:01:00+00:00,8641.4,8642.5,8638.5,8639.6,23.74079003
2020-03-02 07:02:00+00:00,8639.6,8641.0,8638.1,8638.4,25.61104987
2020-03-02 07:03:00+00:00,8638.4,8641.6,8638.4,8641.6,8.06460837
2020-03-02 07:04:00+00:00,8641.5,8644.1,8641.5,8644.1,15.25314807
2020-03-02 07:05:00+00:00,8644.1,8645.6,8641.8,8645.5,25.749523999999997
2020-03-02 07:06:00+00:00,8644.6,8648.5,8634.3,8634.4,36.73118028
2020-03-02 07:07:00+00:00,8634.3,8638.4,8629.3,8634.0,57.18646805
2020-03-02 07:08:00+00:00,8634.0,8634.0,8630.8,8632.8,23.2427815
2020-03-02 07:09:00+00:00,8632.8,8632.9,8626.2,8626.2,24.69342563
2020-03-02 07:10:00+00:00,8626.2,8638.3,8626.0,8636.2,50.03805324
2020-03-02 07:11:00+00:00,8636.3,8636.3,8630.8,8633.1,24.93916286
2020-03-02 07:12:00+00:00,8632.2,8632.2,8624.7,8631.9,20.14069022
2020-03-02 07:13:00+00:00,8631.9,8631.9,8626.8,8627.6,22.91982023
2020-03-02 07:14:00+00:00,8627.6,8634.6,8626.6,8633.4,23.15393475
2020-03-02 07:15:00+00:00,8633.4,8633.4,8628.8,8629.6,29.51713276
2020-03-02 07:16:00+00:00,8629.6,8630.5,8623.8,8625.9,36.76169344
2020-03-02 07:17:00+00:00,8625.9,8626.7,8624.6,8625.5,13.42755261
2020-03-02 07:18:00+00:00,8624.5,8627.7,8622.1,8625.7,18.97651243
2020-03-02 07:19:00+00:00,8625.2,8626.9,8621.6,8621.6,11.61135004
2020-03-02 07:20:00+00:00,8621.7,8622.9,8615.0,8615.9,33.41915316
2020-03-02 07:21:00+00:00,8616.6,8622.0,8610.2,8610.5,43.81275575
2020-03-02 07:22:00+00:00,8611.8,8616.7,8608.7,8615.5,40.72436131
2020-03-02 07:23:00+00:00,8615.5,8615.5,8601.4,8607.4,45.00528676
2020-03-02 07:24:00+00:00,8607.4,8615.8,8607.4,8609.4,28.69401352
2020-03-02 07:25:00+00:00,8608.5,8612.9,8602.8,8609.6,44.78201733
2020-03-02 07:26:00+00:00,8608.7,8611.8,8608.7,8611.0,26.041235
2020-03-02 07:27:00+00:00,8611.0,8617.0,8610.9,8615.7,35.25757212
2020-03-02 07:28:00+00:00,8615.8,8615.8,8607.3,8611.4,38.03565339
2020-03-02 07:29:00+00:00,8611.8,8611.8,8608.3,8609.5,14.38217348
2020-03-02 07:30:00+00:00,8609.5,8622.0,8609.3,8619.6,52.50303613
2020-03-02 07:31:00+00:00,8619.7,8622.5,8610.6,8620.2,47.13397902
2020-03-02 07:32:00+00:00,8620.2,8622.3,8620.1,8622.2,25.58379231
2020-03-02 07:33:00+00:00,8622.2,8623.9,8619.9,8619.9,22.34650049
2020-03-02 07:34:00+00:00,8619.9,8623.9,8619.6,8623.9,24.94720067
2020-03-02 07:35:00+00:00,8623.8,8623.8,8616.0,8616.1,13.193521300000002
2020-03-02 07:36:00+00:00,8616.1,8619.1,8613.0,8614.9,13.76461898
2020-03-02 07:37:00+00:00,8614.8,8615.5,8614.2,8615.5,8.48070663
2020-03-02 07:38:00+00:00,8615.4,8615.4,8612.0,8612.9,17.35288834
2020-03-02 07:39:00+00:00,8612.8,8613.8,8611.0,8611.5,18.5776245
2020-03-02 07:40:00+00:00,8611.2,8623.5,8611.2,8618.8,30.06990124
2020-03-02 07:41:00+00:00,8618.8,8620.9,8614.9,8620.8,41.37048149
2020-03-02 07:42:00+00:00,8621.2,8622.2,8615.4,8616.7,30.91694517
2020-03-02 07:43:00+00:00,8617.3,8621.7,8617.3,8618.5,15.95022289
2020-03-02 07:44:00+00:00,8618.5,8625.6,8618.4,8624.3,33.73430208
2020-03-02 07:45:00+00:00,8624.3,8630.8,8623.7,8629.3,31.61565283
2020-03-02 07:46:00+00:00,8629.3,8630.4,8627.1,8629.4,32.78305222
2020-03-02 07:47:00+00:00,8629.4,8630.2,8627.2,8629.7,55.17357389
2020-03-02 07:48:00+00:00,8629.6,8629.6,8624.1,8625.2,33.29732977
2020-03-02 07:49:00+00:00,8625.5,8625.5,8621.7,8623.5,22.69670201
2020-03-02 07:50:00+00:00,8623.5,8626.4,8622.3,8623.6,25.34910076
2020-03-02 07:51:00+00:00,8623.7,8624.2,8621.5,8622.8,15.00350318
2020-03-02 07:52:00+00:00,8622.8,8628.2,8621.5,8623.2,17.88024323
2020-03-02 07:53:00+00:00,8623.3,8633.2,8623.3,8632.9,32.45071496
2020-03-02 07:54:00+00:00,8632.9,8633.4,8631.7,8632.7,26.46628444
2020-03-02 07:55:00+00:00,8632.7,8633.5,8630.3,8630.4,29.48981977
2020-03-02 07:56:00+00:00,8630.3,8630.4,8630.0,8630.0,8.07345165
2020-03-02 07:57:00+00:00,8630.0,8630.0,8621.8,8623.7,42.78659956
2020-03-02 07:58:00+00:00,8623.7,8624.0,8619.5,8620.8,17.43986986
2020-03-02 07:59:00+00:00,8620.9,8630.3,8611.8,8625.4,78.71713408
2020-03-02 08:00:00+00:00,8625.3,8630.0,8622.2,8628.5,35.76654218
2020-03-02 08:01:00+00:00,8628.6,8628.9,8625.8,8626.8,30.062615700000002
2020-03-02 08:02:00+00:00,8626.8,8632.5,8623.9,8631.9,18.31982302
2020-03-02 08:03:00+00:00,8631.9,8631.9,8625.2,8628.9,42.05453325
2020-03-02 08:04:00+00:00,8629.9,8633.3,8627.9,8630.9,11.71488306
2020-03-02 08:05:00+00:00,8631.0,8634.1,8627.3,8627.5,39.00337017
2020-03-02 08:06:00+00:00,8628.3,8636.5,8628.3,8633.4,23.04924727
2020-03-02 08:07:00+00:00,8633.4,8641.4,8633.4,8641.4,41.27965494
2020-03-02 08:08:00+00:00,8641.5,8645.1,8639.2,8644.4,32.04324228
2020-03-02 08:09:00+00:00,8643.4,8643.4,8635.7,8637.6,28.90939026
2020-03-02 08:10:00+00:00,8637.6,8639.8,8636.0,8639.1,37.96080798
2020-03-02 08:11:00+00:00,8639.1,8644.8,8639.1,8643.5,12.48743498
2020-03-02 08:12:00+00:00,8643.4,8644.6,8640.0,8642.1,17.543346300000003
2020-03-02 08:13:00+00:00,8640.9,8642.1,8636.6,8642.1,14.51722907
2020-03-02 08:14:00+00:00,8642.2,8646.0,8641.4,8644.1,27.724174800000004
2020-03-02 08:15:00+00:00,8644.1,8644.1,8640.4,8640.4,16.84645164
2020-03-02 08:16:00+00:00,8640.5,8641.9,8638.3,8639.1,11.37450486
2020-03-02 08:17:00+00:00,8639.2,8643.3,8639.2,8642.1,24.16688649
2020-03-02 08:18:00+00:00,8642.1,8647.2,8642.1,8645.4,8.467929
2020-03-02 08:19:00+00:00,8645.5,8650.0,8645.5,8647.8,70.46701157
2020-03-02 08:20:00+00:00,8648.0,8649.0,8639.4,8639.4,24.42593259
2020-03-02 08:21:00+00:00,8639.5,8641.9,8638.2,8639.2,17.26139132
2020-03-02 08:22:00+00:00,8639.2,8640.8,8638.3,8639.3,9.95785295
2020-03-02 08:23:00+00:00,8639.3,8644.7,8639.3,8641.1,8.19767559
2020-03-02 08:24:00+00:00,8641.0,8645.0,8640.3,8643.1,19.43905558
2020-03-02 08:25:00+00:00,8643.2,8644.0,8633.1,8635.7,31.84737153
2020-03-02 08:26:00+00:00,8636.3,8637.3,8634.8,8636.9,20.36111953
2020-03-02 08:27:00+00:00,8636.0,8636.1,8635.6,8635.6,10.93342304
2020-03-02 08:28:00+00:00,8635.6,8636.1,8633.4,8633.5,31.88963428
2020-03-02 08:29:00+00:00,8633.4,8637.0,8633.4,8635.4,30.75770913
2020-03-02 08:30:00+00:00,8634.9,8635.3,8634.0,8635.3,14.64424859
2020-03-02 08:31:00+00:00,8635.3,8638.1,8635.3,8638.1,18.64790215
2020-03-02 08:32:00+00:00,8638.1,8648.6,8637.9,8648.2,26.63232853
2020-03-02 08:33:00+00:00,8647.7,8647.7,8643.7,8643.7,30.32526682
2020-03-02 08:34:00+00:00,8643.5,8645.0,8641.4,8644.5,36.38896312
2020-03-02 08:35:00+00:00,8644.4,8644.4,8640.5,8641.2,8.50656295
2020-03-02 08:36:00+00:00,8641.1,8641.8,8640.0,8640.4,41.81326519
2020-03-02 08:37:00+00:00,8640.4,8645.8,8640.4,8645.8,49.79709468
2020-03-02 08:38:00+00:00,8645.9,8648.5,8643.7,8648.5,19.77910898
2020-03-02 08:39:00+00:00,8648.4,8648.5,8646.9,8647.6,6.34712422
2020-03-02 08:40:00+00:00,8647.7,8652.5,8647.7,8652.4,20.20317504
2020-03-02 08:41:00+00:00,8650.8,8652.0,8647.7,8647.7,12.6284084
2020-03-02 08:42:00+00:00,8647.3,8650.1,8643.5,8649.4,81.50255376
2020-03-02 08:43:00+00:00,8649.4,8654.1,8649.4,8654.1,6.83012725
2020-03-02 08:44:00+00:00,8654.6,8656.8,8651.9,8656.1,20.86874232
2020-03-02 08:45:00+00:00,8656.2,8661.5,8656.2,8661.1,30.52415652
2020-03-02 08:46:00+00:00,8661.1,8662.7,8657.5,8662.2,19.55138017
2020-03-02 08:47:00+00:00,8662.2,8662.3,8653.0,8654.1,23.24423667
2020-03-02 08:48:00+00:00,8654.1,8663.2,8653.2,8657.5,17.48120185
2020-03-02 08:49:00+00:00,8657.5,8661.9,8653.0,8660.0,44.94231462
2020-03-02 08:50:00+00:00,8660.1,8660.1,8650.0,8655.5,98.82069946
2020-03-02 08:51:00+00:00,8655.5,8664.1,8653.7,8660.2,116.94666587
2020-03-02 08:52:00+00:00,8660.1,8663.3,8655.7,8660.7,64.45303232
2020-03-02 08:53:00+00:00,8659.1,8661.6,8656.8,8661.6,42.36275271
2020-03-02 08:54:00+00:00,8661.7,8661.7,8658.0,8660.2,22.61440619
2020-03-02 08:55:00+00:00,8660.2,8660.2,8659.7,8659.7,1.73068759
2020-03-02 08:56:00+00:00,8659.7,8660.3,8654.5,8659.3,16.02834964
2020-03-02 08:57:00+00:00,8659.3,8660.1,8659.0,8660.1,13.16616168
2020-03-02 08:58:00+00:00,8660.1,8672.6,8660.1,8669.1,55.74028052
2020-03-02 08:59:00+00:00,8669.6,8671.7,8663.3,8666.3,64.88336713
2020-03-02 09:00:00+00:00,8665.8,8675.6,8665.8,8673.8,29.14242497
2020-03-02 09:01:00+00:00,8673.9,8679.9,8673.0,8673.7,42.591080299999994
2020-03-02 09:02:00+00:00,8673.7,8673.7,8663.8,8663.8,17.16271842
2020-03-02 09:03:00+00:00,8663.8,8672.7,8661.3,8669.4,74.09299175
2020-03-02 09:04:00+00:00,8669.4,8673.3,8661.0,8667.1,22.09149187
2020-03-02 09:05:00+00:00,8667.1,8667.1,8660.6,8661.4,2.10449953
2020-03-02 09:06:00+00:00,8661.5,8663.8,8660.1,8661.0,5.28507411
2020-03-02 09:07:00+00:00,8661.1,8661.4,8656.8,8656.8,5.75590946
2020-03-02 09:08:00+00:00,8656.8,8661.8,8655.1,8657.9,9.00070487
2020-03-02 09:09:00+00:00,8657.9,8659.0,8655.6,8658.1,6.02168012
2020-03-02 09:10:00+00:00,8658.2,8670.7,8658.2,8667.4,26.17804909
2020-03-02 09:11:00+00:00,8667.4,8671.2,8663.6,8665.9,34.64390884
2020-03-02 09:12:00+00:00,8666.0,8671.6,8665.1,8669.5,15.95941842
2020-03-02 09:13:00+00:00,8669.6,8671.3,8665.9,8667.5,9.043302
2020-03-02 09:14:00+00:00,8667.5,8669.5,8662.2,8669.5,17.59602927
2020-03-02 09:15:00+00:00,8669.4,8669.4,8660.0,8660.1,17.82536688
2020-03-02 09:16:00+00:00,8660.1,8672.1,8659.1,8671.6,26.818521
2020-03-02 09:17:00+00:00,8671.6,8672.0,8669.3,8670.8,7.47551846
2020-03-02 09:18:00+00:00,8670.8,8674.2,8670.8,8672.4,26.63166471
2020-03-02 09:19:00+00:00,8672.4,8672.8,8665.6,8668.5,19.25485467
2020-03-02 09:20:00+00:00,8668.5,8671.3,8665.0,8670.0,7.73865417
2020-03-02 09:21:00+00:00,8670.0,8680.4,8668.6,8680.2,32.25465668
2020-03-02 09:22:00+00:00,8680.2,8680.2,8670.1,8671.1,7.57276904
2020-03-02 09:23:00+00:00,8672.3,8678.7,8672.3,8678.3,18.33617778
2020-03-02 09:24:00+00:00,8678.3,8683.6,8674.3,8683.6,41.15822042
2020-03-02 09:25:00+00:00,8683.7,8684.2,8680.9,8684.2,62.77591173
2020-03-02 09:26:00+00:00,8684.1,8684.1,8677.3,8677.9,44.9906898
2020-03-02 09:27:00+00:00,8677.3,8681.8,8674.4,8681.8,69.67768547
2020-03-02 09:28:00+00:00,8681.7,8681.7,8679.9,8681.3,20.809405899999998
2020-03-02 09:29:00+00:00,8681.3,8681.3,8678.1,8678.5,67.0220597
2020-03-02 09:30:00+00:00,8678.2,8680.5,8677.2,8677.3,43.04930188
2020-03-02 09:31:00+00:00,8677.3,8684.8,8677.3,8681.6,71.25560111
2020-03-02 09:32:00+00:00,8681.7,8682.1,8673.2,8675.0,24.55262716
2020-03-02 09:33:00+00:00,8675.1,8675.9,8675.0,8675.0,20.55409078
2020-03-02 09:34:00+00:00,8675.0,8685.3,8675.0,8683.1,56.33386063
2020-03-02 09:35:00+00:00,8683.1,8691.7,8683.1,8687.4,53.45714387
2020-03-02 09:36:00+00:00,8687.6,8689.7,8684.8,8687.6,72.48921924
2020-03-02 09:37:00+00:00,8687.6,8697.0,8684.7,8686.9,27.06864148
2020-03-02 09:38:00+00:00,8687.4,8700.0,8686.1,8698.6,95.45503995
2020-03-02 09:39:00+00:00,8698.7,8705.6,8696.8,8697.3,74.59658653
2020-03-02 09:40:00+00:00,8696.8,8700.9,8696.5,8700.0,49.27958118
2020-03-02 09:41:00+00:00,8700.0,8704.5,8700.0,8704.5,99.56383151
2020-03-02 09:42:00+00:00,8704.4,8717.7,8703.8,8709.1,140.33868511
2020-03-02 09:43:00+00:00,8709.1,8711.9,8707.1,8709.1,36.42550645
2020-03-02 09:44:00+00:00,8709.1,8709.1,8702.1,8705.4,38.76888062
2020-03-02 09:45:00+00:00,8705.4,8707.4,8702.7,8702.9,71.85471621
2020-03-02 09:46:00+00:00,8702.9,8708.6,8702.9,8704.0,24.47700266
2020-03-02 09:47:00+00:00,8704.0,8706.1,8702.6,8703.6,31.93141371
2020-03-02 09:48:00+00:00,8703.6,8703.6,8700.0,8700.0,82.30785541
2020-03-02 09:49:00+00:00,8700.0,8707.8,8700.0,8703.8,370.29385622
2020-03-02 09:50:00+00:00,8703.9,8703.9,8700.0,8700.1,55.39670941
2020-03-02 09:51:00+00:00,8700.0,8703.3,8700.0,8701.7,51.89140833
2020-03-02 09:52:00+00:00,8701.7,8703.0,8700.6,8700.7,54.47427757
2020-03-02 09:53:00+00:00,8700.7,8700.8,8700.0,8700.0,25.26353997
2020-03-02 09:54:00+00:00,8700.0,8700.7,8700.0,8700.7,29.16134222
2020-03-02 09:55:00+00:00,8700.8,8710.2,8700.8,8708.7,55.94505251
2020-03-02 09:56:00+00:00,8708.6,8709.0,8703.2,8705.9,97.49631487
2020-03-02 09:57:00+00:00,8706.1,8706.2,8700.0,8700.6,50.93813001
2020-03-02 09:58:00+00:00,8700.6,8700.6,8700.2,8700.3,6.11725115
2020-03-02 09:59:00+00:00,8700.2,8701.1,8700.0,8701.1,13.13563333
2020-03-02 10:00:00+00:00,8701.2,8717.6,8701.1,8715.2,43.87310515
2020-03-02 10:01:00+00:00,8713.8,8724.0,8712.5,8717.4,43.02113486
2020-03-02 10:02:00+00:00,8717.6,8720.8,8715.4,8718.1,17.61550521
2020-03-02 10:03:00+00:00,8718.9,8720.7,8712.2,8718.9,42.08287694
2020-03-02 10:04:00+00:00,8718.9,8725.0,8718.2,8723.9,17.33982112
2020-03-02 10:05:00+00:00,8723.9,8723.9,8714.8,8714.8,31.65491888
2020-03-02 10:06:00+00:00,8713.1,8713.1,8707.6,8709.5,35.35279461
2020-03-02 10:07:00+00:00,8709.5,8714.3,8707.8,8713.9,32.72947402
2020-03-02 10:08:00+00:00,8713.9,8715.0,8706.6,8714.3,26.59223592
2020-03-02 10:09:00+00:00,8712.9,8713.6,8709.2,8709.3,29.501406899999996
2020-03-02 10:10:00+00:00,8709.3,8713.5,8708.9,8713.4,25.79612663
2020-03-02 10:11:00+00:00,8713.4,8720.0,8712.7,8720.0,20.56071796
2020-03-02 10:12:00+00:00,8720.3,8722.3,8719.9,8720.5,32.48284983
2020-03-02 10:13:00+00:00,8720.6,8721.6,8700.9,8713.1,58.57217134
2020-03-02 10:14:00+00:00,8713.0,8713.0,8707.9,8713.0,24.51030754
2020-03-02 10:15:00+00:00,8713.6,8722.3,8713.6,8721.3,37.32933743
2020-03-02 10:16:00+00:00,8721.3,8724.2,8720.4,8723.4,28.75882663
2020-03-02 10:17:00+00:00,8723.4,8724.2,8721.3,8722.0,63.49112046
2020-03-02 10:18:00+00:00,8722.0,8733.3,8722.0,8732.8,130.37164274
2020-03-02 10:19:00+00:00,8732.8,8735.5,8725.6,8735.4,92.28925528
2020-03-02 10:20:00+00:00,8735.4,8739.6,8733.1,8733.1,41.41472509
2020-03-02 10:21:00+00:00,8733.1,8733.1,8723.3,8727.0,69.28537928
2020-03-02 10:22:00+00:00,8726.9,8736.3,8726.9,8736.3,28.60773703
2020-03-02 10:23:00+00:00,8736.4,8740.0,8734.9,8737.9,26.73355671
2020-03-02 10:24:00+00:00,8737.9,8742.6,8731.8,8738.2,87.25748212
2020-03-02 10:25:00+00:00,8738.2,8741.7,8736.4,8740.9,17.1426224
2020-03-02 10:26:00+00:00,8740.9,8742.8,8740.9,8742.7,36.47488542
2020-03-02 10:27:00+00:00,8742.7,8753.7,8742.7,8753.6,82.48406923
2020-03-02 10:28:00+00:00,8753.6,8754.0,8743.2,8748.6,61.89157885
2020-03-02 10:29:00+00:00,8748.0,8751.2,8742.3,8742.3,88.30710606
2020-03-02 10:30:00+00:00,8742.3,8753.5,8742.3,8751.9,53.92187683
2020-03-02 10:31:00+00:00,8750.9,8753.5,8737.8,8739.2,44.58605557
2020-03-02 10:32:00+00:00,8739.3,8743.6,8735.1,8735.1,26.21512357
2020-03-02 10:33:00+00:00,8734.4,8737.7,8727.5,8735.5,51.04346513
2020-03-02 10:34:00+00:00,8735.5,8736.9,8730.2,8734.6,50.70468675
2020-03-02 10:35:00+00:00,8734.7,8740.5,8734.6,8740.5,33.19813161
2020-03-02 10:36:00+00:00,8740.6,8752.7,8740.6,8752.6,25.12955378
2020-03-02 10:37:00+00:00,8752.6,8772.1,8751.5,8769.6,90.90939092
2020-03-02 10:38:00+00:00,8770.1,8771.5,8760.4,8762.9,41.01536225
2020-03-02 10:39:00+00:00,8763.7,8764.4,8748.9,8755.4,91.68340396
2020-03-02 10:40:00+00:00,8754.8,8756.7,8744.5,8746.6,45.31204078
2020-03-02 10:41:00+00:00,8746.6,8754.9,8744.0,8744.3,21.31198136
2020-03-02 10:42:00+00:00,8743.9,8747.0,8740.1,8747.0,59.68714961
2020-03-02 10:43:00+00:00,8746.9,8750.3,8742.0,8744.5,65.80595266
2020-03-02 10:44:00+00:00,8744.5,8750.0,8743.2,8743.7,94.81416301
2020-03-02 10:45:00+00:00,8743.7,8746.4,8742.7,8743.0,36.92567523
2020-03-02 10:46:00+00:00,8742.7,8743.8,8718.0,8723.3,144.88387835
2020-03-02 10:47:00+00:00,8723.3,8727.6,8718.3,8719.4,115.96327921
2020-03-02 10:48:00+00:00,8719.3,8721.8,8710.0,8713.5,77.44231365
2020-03-02 10:49:00+00:00,8713.7,8715.0,8703.3,8714.0,122.21541249
2020-03-02 10:50:00+00:00,8713.6,8723.6,8713.6,8722.7,78.45834601
2020-03-02 10:51:00+00:00,8723.7,8731.8,8723.7,8727.1,25.50576955
2020-03-02 10:52:00+00:00,8727.2,8728.2,8718.8,8720.2,68.25688977
2020-03-02 10:53:00+00:00,8720.2,8727.4,8718.9,8726.4,41.54586873
2020-03-02 10:54:00+00:00,8726.3,8730.3,8721.9,8729.4,31.62667998
2020-03-02 10:55:00+00:00,8729.9,8729.9,8720.1,8726.1,57.41237871
2020-03-02 10:56:00+00:00,8725.1,8735.5,8723.5,8732.7,40.23805968
2020-03-02 10:57:00+00:00,8732.8,8739.3,8731.6,8739.2,30.73389013
2020-03-02 10:58:00+00:00,8739.3,8740.2,8732.3,8734.5,23.04259062
2020-03-02 10:59:00+00:00,8734.4,8734.7,8723.8,8724.1,38.978990100000004
2020-03-02 11:00:00+00:00,8724.1,8732.0,8720.4,8725.9,21.52928331
2020-03-02 11:01:00+00:00,8726.5,8737.3,8726.5,8734.8,29.44334147
2020-03-02 11:02:00+00:00,8734.8,8745.8,8734.8,8743.1,61.29748699
2020-03-02 11:03:00+00:00,8743.2,8749.4,8741.9,8749.4,11.36499452
2020-03-02 11:04:00+00:00,8749.4,8750.4,8743.8,8749.0,29.41555629
2020-03-02 11:05:00+00:00,8749.1,8750.2,8740.6,8741.0,29.51253617
2020-03-02 11:06:00+00:00,8741.1,8755.6,8741.1,8755.2,213.86992518
2020-03-02 11:07:00+00:00,8755.2,8759.0,8728.9,8736.6,601.82546738
2020-03-02 11:08:00+00:00,8735.4,8750.0,8733.8,8748.3,141.64384798
2020-03-02 11:09:00+00:00,8748.2,8748.2,8734.8,8738.9,116.46169288
2020-03-02 11:10:00+00:00,8738.2,8738.8,8728.5,8728.9,70.11643819
2020-03-02 11:11:00+00:00,8727.5,8731.4,8725.4,8726.4,28.00552267
2020-03-02 11:12:00+00:00,8726.3,8730.6,8726.2,8729.6,41.019532500000004
2020-03-02 11:13:00+00:00,8729.7,8729.7,8721.5,8722.0,34.69527113
2020-03-02 11:14:00+00:00,8722.0,8731.0,8722.0,8727.9,57.07833813
2020-03-02 11:15:00+00:00,8727.2,8737.7,8725.9,8737.3,59.78372939
2020-03-02 11:16:00+00:00,8737.3,8737.7,8730.6,8731.9,123.58191771
2020-03-02 11:17:00+00:00,8730.9,8742.7,8730.9,8739.4,97.88616211
2020-03-02 11:18:00+00:00,8739.4,8741.6,8733.4,8733.9,44.27361078
2020-03-02 11:19:00+00:00,8733.9,8741.7,8728.7,8741.6,47.65603535
2020-03-02 11:20:00+00:00,8741.6,8742.0,8734.2,8736.6,62.09049597
2020-03-02 11:21:00+00:00,8735.2,8737.5,8725.5,8729.5,60.48418148
2020-03-02 11:22:00+00:00,8729.5,8731.0,8725.8,8729.0,27.35443863
2020-03-02 11:23:00+00:00,8729.0,8735.0,8727.8,8731.7,58.73471389
2020-03-02 11:24:00+00:00,8731.6,8732.4,8725.6,8729.3,96.41821114
2020-03-02 11:25:00+00:00,8728.3,8736.0,8728.2,8731.5,35.22782521
2020-03-02 11:26:00+00:00,8731.2,8734.1,8727.5,8731.7,53.96669751
2020-03-02 11:27:00+00:00,8731.6,8734.0,8727.6,8733.8,42.17349098
2020-03-02 11:28:00+00:00,8733.3,8736.0,8732.1,8734.6,17.6292876
2020-03-02 11:29:00+00:00,8734.6,8746.5,8734.6,8743.8,33.14142899
2020-03-02 11:30:00+00:00,8744.2,8750.0,8744.2,8746.9,25.36686025
2020-03-02 11:31:00+00:00,8746.9,8748.3,8743.0,8745.8,44.54848153
2020-03-02 11:32:00+00:00,8745.9,8753.6,8744.3,8753.6,21.49984751
2020-03-02 11:33:00+00:00,8753.5,8756.1,8746.3,8747.9,43.20920531
2020-03-02 11:34:00+00:00,8748.0,8764.5,8748.0,8758.7,56.00756923
2020-03-02 11:35:00+00:00,8758.7,8758.7,8750.0,8752.8,32.25944573
2020-03-02 11:36:00+00:00,8752.9,8753.8,8745.1,8751.8,60.38595103
2020-03-02 11:37:00+00:00,8751.9,8764.6,8751.2,8761.7,26.41619838
2020-03-02 11:38:00+00:00,8761.8,8769.3,8757.2,8764.5,52.75790706
2020-03-02 11:39:00+00:00,8764.6,8770.0,8762.7,8768.6,32.30067578
2020-03-02 11:40:00+00:00,8768.4,8769.7,8750.9,8751.0,60.60523489999999
2020-03-02 11:41:00+00:00,8751.1,8759.3,8749.9,8757.6,24.70050656
2020-03-02 11:42:00+00:00,8757.6,8758.1,8753.9,8756.7,20.886667000000003
2020-03-02 11:43:00+00:00,8756.9,8763.5,8756.9,8762.2,42.49096659
2020-03-02 11:44:00+00:00,8762.3,8767.6,8761.3,8765.1,21.30759981
2020-03-02 11:45:00+00:00,8765.1,8770.0,8763.7,8768.3,74.28449521
2020-03-02 11:46:00+00:00,8768.2,8770.4,8768.2,8770.3,24.32721436
2020-03-02 11:47:00+00:00,8770.4,8777.9,8770.4,8771.8,55.98806505
2020-03-02 11:48:00+00:00,8771.8,8775.7,8767.0,8768.7,69.57778953
2020-03-02 11:49:00+00:00,8768.6,8768.7,8757.3,8761.1,50.17925882
2020-03-02 11:50:00+00:00,8761.1,8762.5,8747.1,8749.0,28.79050924
2020-03-02 11:51:00+00:00,8749.0,8758.0,8749.0,8751.2,160.27809805
2020-03-02 11:52:00+00:00,8751.2,8753.1,8743.3,8743.3,77.90171314
2020-03-02 11:53:00+00:00,8743.3,8748.7,8730.0,8743.8,384.26019826
2020-03-02 11:54:00+00:00,8743.9,8744.9,8738.1,8740.7,40.3353187
2020-03-02 11:55:00+00:00,8740.8,8746.2,8740.7,8744.4,50.18013846
2020-03-02 11:56:00+00:00,8744.4,8745.4,8743.3,8743.3,34.24907005
2020-03-02 11:57:00+00:00,8743.4,8749.6,8743.3,8749.6,40.09130464
2020-03-02 11:58:00+00:00,8749.6,8752.5,8749.6,8750.4,58.37800711
2020-03-02 11:59:00+00:00,8750.4,8758.5,8749.8,8758.4,88.88768523
2020-03-02 12:00:00+00:00,8758.4,8769.7,8758.4,8764.5,63.86231659
2020-03-02 12:01:00+00:00,8764.6,8770.9,8763.9,8769.7,32.82435495
2020-03-02 12:02:00+00:00,8769.7,8771.5,8758.1,8758.4,77.18044187
2020-03-02 12:03:00+00:00,8758.4,8760.0,8750.3,8750.3,56.71283929
2020-03-02 12:04:00+00:00,8750.1,8759.9,8748.4,8751.0,49.69333685
2020-03-02 12:05:00+00:00,8751.1,8752.1,8743.0,8743.5,11.84365667
2020-03-02 12:06:00+00:00,8743.5,8746.4,8741.3,8741.3,33.84986588
2020-03-02 12:07:00+00:00,8741.3,8743.6,8736.1,8737.8,30.14230284
2020-03-02 12:08:00+00:00,8738.3,8740.4,8735.1,8737.6,30.12812548
2020-03-02 12:09:00+00:00,8737.5,8738.1,8735.0,8735.0,27.28117922
2020-03-02 12:10:00+00:00,8735.0,8744.0,8734.5,8734.5,27.89456577
2020-03-02 12:11:00+00:00,8734.5,8738.7,8733.5,8736.8,33.55442274
2020-03-02 12:12:00+00:00,8736.7,8736.7,8732.9,8736.1,26.77724219
2020-03-02 12:13:00+00:00,8736.1,8746.6,8736.1,8741.7,60.56304257
2020-03-02 12:14:00+00:00,8741.7,8750.1,8741.1,8750.0,131.79856199
2020-03-02 12:15:00+00:00,8750.1,8753.9,8750.0,8753.9,12.60967354
2020-03-02 12:16:00+00:00,8753.9,8753.9,8750.0,8750.0,115.19875408
2020-03-02 12:17:00+00:00,8750.0,8752.9,8750.0,8751.0,68.04892601
2020-03-02 12:18:00+00:00,8751.0,8753.4,8750.0,8753.0,24.31812823
2020-03-02 12:19:00+00:00,8753.1,8755.8,8753.0,8755.7,3.27306179
2020-03-02 12:20:00+00:00,8755.7,8757.2,8754.4,8754.4,26.74928848
2020-03-02 12:21:00+00:00,8754.5,8754.5,8754.0,8754.0,5.64599436
2020-03-02 12:22:00+00:00,8754.1,8754.1,8750.0,8750.0,277.23575964
2020-03-02 12:23:00+00:00,8750.0,8754.4,8750.0,8750.0,146.48054364
2020-03-02 12:24:00+00:00,8750.0,8750.1,8750.0,8750.0,81.07849667
2020-03-02 12:25:00+00:00,8750.0,8756.2,8750.0,8752.8,50.67318095
2020-03-02 12:26:00+00:00,8752.7,8752.8,8750.0,8750.0,133.73030331
2020-03-02 12:27:00+00:00,8750.0,8752.5,8746.9,8751.9,58.39592678
2020-03-02 12:28:00+00:00,8751.9,8751.9,8744.7,8745.8,20.37138557
2020-03-02 12:29:00+00:00,8745.8,8745.8,8736.4,8736.8,29.57148502
2020-03-02 12:30:00+00:00,8737.1,8738.5,8735.3,8735.8,24.18585595
2020-03-02 12:31:00+00:00,8735.9,8736.8,8727.9,8728.1,39.75400202
2020-03-02 12:32:00+00:00,8728.1,8734.2,8727.4,8731.5,50.44900073
2020-03-02 12:33:00+00:00,8731.5,8742.1,8729.8,8736.4,34.78342807
2020-03-02 12:34:00+00:00,8737.1,8737.1,8733.9,8736.4,32.17510726
2020-03-02 12:35:00+00:00,8736.4,8736.9,8735.3,8736.9,8.63350922
2020-03-02 12:36:00+00:00,8737.0,8737.0,8733.9,8734.5,46.88996653
2020-03-02 12:37:00+00:00,8734.6,8734.8,8730.0,8730.1,39.10782051
2020-03-02 12:38:00+00:00,8730.0,8730.0,8728.2,8728.8,20.88451185
2020-03-02 12:39:00+00:00,8728.8,8730.9,8723.0,8730.8,22.70904562
2020-03-02 12:40:00+00:00,8730.9,8730.9,8729.1,8729.4,41.17298987
2020-03-02 12:41:00+00:00,8729.1,8729.1,8723.4,8723.4,19.6997663
2020-03-02 12:42:00+00:00,8723.4,8729.7,8722.8,8725.0,82.43551774
2020-03-02 12:43:00+00:00,8725.0,8728.8,8724.1,8728.3,108.60466895
2020-03-02 12:44:00+00:00,8728.3,8737.7,8726.9,8736.1,89.71212279
2020-03-02 12:45:00+00:00,8736.2,8744.9,8735.6,8742.2,77.73706037
2020-03-02 12:46:00+00:00,8742.3,8745.7,8740.4,8740.5,18.84747247
2020-03-02 12:47:00+00:00,8740.5,8753.1,8740.0,8750.4,176.45742709
2020-03-02 12:48:00+00:00,8750.4,8756.8,8750.4,8753.6,53.9403661
2020-03-02 12:49:00+00:00,8753.5,8756.2,8750.0,8751.2,33.13743621
2020-03-02 12:50:00+00:00,8751.3,8760.0,8750.9,8758.5,45.05889124
2020-03-02 12:51:00+00:00,8757.4,8757.4,8752.6,8754.7,34.08725955
2020-03-02 12:52:00+00:00,8754.7,8761.2,8754.0,8761.2,59.87862256
2020-03-02 12:53:00+00:00,8761.2,8761.6,8757.0,8760.4,65.24439255
2020-03-02 12:54:00+00:00,8760.5,8763.7,8756.4,8757.5,48.70020114
2020-03-02 12:55:00+00:00,8757.5,8757.5,8755.3,8755.3,9.96833627
2020-03-02 12:56:00+00:00,8754.1,8756.9,8752.4,8755.4,25.87595273
2020-03-02 12:57:00+00:00,8755.4,8759.0,8754.3,8757.4,34.98940538
2020-03-02 12:58:00+00:00,8757.4,8757.7,8756.6,8757.2,79.89555236
2020-03-02 12:59:00+00:00,8757.2,8757.3,8757.2,8757.3,3.49793475
2020-03-02 13:00:00+00:00,8757.3,8769.1,8757.2,8767.9,53.39680095
2020-03-02 13:01:00+00:00,8767.9,8772.2,8765.7,8770.6,39.80249961
2020-03-02 13:02:00+00:00,8770.5,8770.6,8761.0,8765.3,41.53452641
2020-03-02 13:03:00+00:00,8765.2,8768.3,8764.5,8764.5,13.25686254
2020-03-02 13:04:00+00:00,8764.4,8766.5,8764.4,8766.5,44.47331199
2020-03-02 13:05:00+00:00,8766.6,8767.1,8766.3,8767.1,33.72785966
2020-03-02 13:06:00+00:00,8767.1,8774.1,8767.1,8773.5,38.59238573
2020-03-02 13:07:00+00:00,8773.4,8780.0,8773.4,8779.4,28.51939766
2020-03-02 13:08:00+00:00,8779.4,8786.3,8779.4,8786.1,47.01544831
2020-03-02 13:09:00+00:00,8786.5,8792.4,8785.7,8792.4,56.81903502
2020-03-02 13:10:00+00:00,8792.4,8792.4,8780.7,8784.4,48.86596271
2020-03-02 13:11:00+00:00,8784.5,8791.6,8784.5,8790.4,91.69438439
2020-03-02 13:12:00+00:00,8790.4,8790.5,8787.1,8790.4,37.90744603
2020-03-02 13:13:00+00:00,8790.4,8790.7,8779.3,8784.2,64.41045840000001
2020-03-02 13:14:00+00:00,8784.5,8784.8,8780.3,8780.4,25.66971115
2020-03-02 13:15:00+00:00,8780.4,8789.8,8780.4,8786.6,169.10371744
2020-03-02 13:16:00+00:00,8786.8,8800.5,8785.9,8800.4,89.53531777
2020-03-02 13:17:00+00:00,8800.4,8801.6,8793.0,8796.9,91.14783942
2020-03-02 13:18:00+00:00,8796.8,8797.2,8785.8,8793.2,64.09408972
2020-03-02 13:19:00+00:00,8793.2,8801.0,8793.2,8797.0,72.90571579
2020-03-02 13:20:00+00:00,8797.1,8797.5,8795.5,8795.5,26.30020891
2020-03-02 13:21:00+00:00,8795.5,8812.7,8795.5,8808.6,136.2953796
2020-03-02 13:22:00+00:00,8809.1,8827.1,8808.0,8816.0,146.79948718
2020-03-02 13:23:00+00:00,8816.0,8821.1,8811.1,8812.6,58.62886826
2020-03-02 13:24:00+00:00,8812.8,8824.2,8812.8,8823.0,43.07452627
2020-03-02 13:25:00+00:00,8823.0,8830.3,8820.8,8822.0,80.9635185
2020-03-02 13:26:00+00:00,8822.0,8829.9,8820.4,8823.0,138.52978523
2020-03-02 13:27:00+00:00,8823.0,8824.1,8806.4,8808.0,83.36379846
2020-03-02 13:28:00+00:00,8808.0,8814.7,8806.3,8809.2,41.25306991
2020-03-02 13:29:00+00:00,8809.2,8809.8,8800.1,8800.1,35.46502163
2020-03-02 13:30:00+00:00,8800.2,8817.8,8800.2,8812.6,102.42033613
2020-03-02 13:31:00+00:00,8811.7,8821.6,8810.8,8820.2,20.55285385
2020-03-02 13:32:00+00:00,8820.1,8820.1,8808.1,8813.0,51.83125908
2020-03-02 13:33:00+00:00,8813.0,8822.7,8811.3,8818.0,36.41114242
2020-03-02 13:34:00+00:00,8818.0,8827.4,8817.9,8825.2,42.34765112
2020-03-02 13:35:00+00:00,8825.9,8830.5,8824.8,8824.8,14.95767102
2020-03-02 13:36:00+00:00,8824.8,8832.0,8822.3,8829.4,24.16318486
2020-03-02 13:37:00+00:00,8829.4,8845.1,8829.4,8845.0,94.71297157
2020-03-02 13:38:00+00:00,8845.1,8854.9,8844.1,8846.5,173.93351729
2020-03-02 13:39:00+00:00,8845.8,8847.7,8840.9,8846.6,49.82963875
2020-03-02 13:40:00+00:00,8846.7,8846.7,8832.6,8842.4,31.92130552
2020-03-02 13:41:00+00:00,8842.3,8843.7,8830.0,8830.1,22.33886982
2020-03-02 13:42:00+00:00,8830.2,8836.2,8827.7,8835.4,54.00745454
2020-03-02 13:43:00+00:00,8835.4,8840.1,8832.2,8832.3,13.766246599999999
2020-03-02 13:44:00+00:00,8832.3,8839.1,8828.7,8837.1,72.69877315
2020-03-02 13:45:00+00:00,8836.8,8838.5,8824.4,8825.6,36.12518799
2020-03-02 13:46:00+00:00,8825.2,8827.4,8816.9,8820.2,32.77654868
2020-03-02 13:47:00+00:00,8820.3,8824.2,8814.6,8817.4,34.38777908
2020-03-02 13:48:00+00:00,8817.4,8822.5,8814.6,8821.3,35.34421015
2020-03-02 13:49:00+00:00,8821.3,8825.9,8819.2,8825.9,47.23784733
2020-03-02 13:50:00+00:00,8825.9,8830.8,8825.9,8827.7,49.03735695
2020-03-02 13:51:00+00:00,8827.8,8828.1,8822.3,8826.3,71.96752746
2020-03-02 13:52:00+00:00,8826.4,8827.7,8816.5,8816.6,25.87283863
2020-03-02 13:53:00+00:00,8816.6,8825.2,8812.5,8818.4,64.15558056
2020-03-02 13:54:00+00:00,8818.3,8818.3,8814.0,8814.6,11.81297228
2020-03-02 13:55:00+00:00,8814.6,8819.5,8810.3,8817.4,16.29872343
2020-03-02 13:56:00+00:00,8817.4,8821.7,8816.3,8821.7,10.67817615
2020-03-02 13:57:00+00:00,8821.8,8828.0,8821.8,8823.1,30.41623174
2020-03-02 13:58:00+00:00,8823.1,8834.6,8823.1,8832.9,41.69066827
2020-03-02 13:59:00+00:00,8832.9,8835.1,8824.3,8830.1,47.70383957
2020-03-02 14:00:00+00:00,8830.2,8837.9,8829.8,8829.8,29.03732075
2020-03-02 14:01:00+00:00,8829.8,8829.8,8825.6,8825.8,19.84966844
2020-03-02 14:02:00+00:00,8825.8,8827.0,8817.1,8823.5,24.75997908
2020-03-02 14:03:00+00:00,8823.5,8824.4,8814.3,8820.0,28.12610113
2020-03-02 14:04:00+00:00,8820.0,8820.1,8813.0,8817.1,60.018623899999994
2020-03-02 14:05:00+00:00,8817.2,8819.1,8816.5,8818.8,12.95591283
2020-03-02 14:06:00+00:00,8818.8,8818.9,8814.0,8814.5,20.12036136
2020-03-02 14:07:00+00:00,8814.7,8825.0,8814.7,8825.0,20.72094349
2020-03-02 14:08:00+00:00,8825.0,8826.2,8819.3,8819.9,24.68506017
2020-03-02 14:09:00+00:00,8819.9,8832.4,8818.8,8832.4,15.47326652
2020-03-02 14:10:00+00:00,8832.7,8843.5,8831.6,8842.7,34.90702618
2020-03-02 14:11:00+00:00,8842.5,8843.0,8836.1,8842.0,49.14553564
2020-03-02 14:12:00+00:00,8842.6,8842.6,8836.3,8840.9,47.02409714
2020-03-02 14:13:00+00:00,8840.1,8844.6,8840.0,8840.1,22.62938675
2020-03-02 14:14:00+00:00,8840.1,8844.8,8838.7,8839.4,50.02389454
2020-03-02 14:15:00+00:00,8839.5,8839.5,8831.3,8839.0,33.2517164
2020-03-02 14:16:00+00:00,8839.0,8840.0,8832.0,8832.1,9.14726846
2020-03-02 14:17:00+00:00,8832.0,8840.7,8832.0,8835.7,38.98145774
2020-03-02 14:18:00+00:00,8835.7,8841.1,8834.4,8839.9,13.98101125
2020-03-02 14:19:00+00:00,8838.7,8844.9,8833.0,8844.1,16.62017978
2020-03-02 14:20:00+00:00,8844.1,8869.0,8844.1,8869.0,450.97188973
2020-03-02 14:21:00+00:00,8868.9,8884.0,8868.2,8873.1,275.66544459
2020-03-02 14:22:00+00:00,8873.0,8873.0,8860.8,8860.8,52.99427243
2020-03-02 14:23:00+00:00,8861.0,8875.4,8861.0,8874.0,99.01810318
2020-03-02 14:24:00+00:00,8874.0,8874.0,8866.8,8869.9,49.98494315
2020-03-02 14:25:00+00:00,8870.0,8870.0,8861.3,8867.7,24.54389353
2020-03-02 14:26:00+00:00,8867.9,8869.9,8863.6,8868.6,21.04974429
2020-03-02 14:27:00+00:00,8868.6,8876.1,8867.5,8873.1,98.42448938
2020-03-02 14:28:00+00:00,8873.1,8874.7,8864.6,8867.9,59.47260313
2020-03-02 14:29:00+00:00,8867.9,8874.7,8867.9,8872.9,51.10893431
2020-03-02 14:30:00+00:00,8873.0,8879.3,8872.9,8879.3,71.24772833
2020-03-02 14:31:00+00:00,8879.6,8883.5,8875.8,8882.9,127.96593312
2020-03-02 14:32:00+00:00,8882.9,8883.0,8876.8,8876.8,137.10026167
2020-03-02 14:33:00+00:00,8875.5,8877.4,8860.7,8863.4,46.094196000000004
2020-03-02 14:34:00+00:00,8863.3,8863.3,8840.9,8840.9,120.16426378
2020-03-02 14:35:00+00:00,8841.0,8854.2,8839.6,8852.6,66.12130397
2020-03-02 14:36:00+00:00,8852.6,8852.6,8844.7,8852.2,40.99371357
2020-03-02 14:37:00+00:00,8852.6,8855.8,8847.5,8855.7,48.31546782
2020-03-02 14:38:00+00:00,8855.9,8864.7,8855.9,8859.4,26.33328891
2020-03-02 14:39:00+00:00,8859.4,8864.0,8859.3,8860.5,60.75237065
2020-03-02 14:40:00+00:00,8860.5,8860.5,8851.8,8852.3,67.71999265
2020-03-02 14:41:00+00:00,8852.3,8863.5,8852.3,8863.4,29.25235873
2020-03-02 14:42:00+00:00,8863.3,8867.6,8862.5,8865.3,23.32974238
2020-03-02 14:43:00+00:00,8865.2,8865.3,8855.1,8855.9,29.43195784
2020-03-02 14:44:00+00:00,8855.9,8856.9,8839.2,8842.1,86.54375362
2020-03-02 14:45:00+00:00,8841.9,8842.0,8827.5,8835.6,75.40370518
2020-03-02 14:46:00+00:00,8835.6,8842.1,8831.9,8835.7,57.64271452
2020-03-02 14:47:00+00:00,8836.1,8845.0,8834.5,8842.2,31.23957545
2020-03-02 14:48:00+00:00,8842.1,8844.9,8833.7,8838.3,51.43081149
2020-03-02 14:49:00+00:00,8838.3,8838.3,8834.8,8836.2,17.64671564
2020-03-02 14:50:00+00:00,8836.2,8849.1,8835.6,8838.4,38.98506188
2020-03-02 14:51:00+00:00,8838.3,8838.3,8830.9,8831.0,21.12030735
2020-03-02 14:52:00+00:00,8830.9,8837.0,8829.0,8836.6,9.14908144
2020-03-02 14:53:00+00:00,8836.6,8839.0,8830.5,8830.6,18.27781793
2020-03-02 14:54:00+00:00,8830.6,8833.0,8829.1,8829.2,39.98586189
2020-03-02 14:55:00+00:00,8829.1,8829.1,8825.6,8826.0,24.44749845
2020-03-02 14:56:00+00:00,8826.1,8828.2,8820.3,8820.3,45.28385488
2020-03-02 14:57:00+00:00,8820.1,8824.3,8815.0,8821.1,52.12309518
2020-03-02 14:58:00+00:00,8821.1,8824.9,8813.2,8813.2,30.40316068
2020-03-02 14:59:00+00:00,8812.6,8815.0,8809.9,8813.1,46.139905299999995
2020-03-02 15:00:00+00:00,8813.1,8826.1,8811.3,8824.3,44.5191742
2020-03-02 15:01:00+00:00,8824.9,8831.7,8823.9,8830.8,48.60170645
2020-03-02 15:02:00+00:00,8830.9,8834.0,8829.9,8834.0,25.06842364
2020-03-02 15:03:00+00:00,8834.1,8834.9,8830.2,8832.6,23.60976173
2020-03-02 15:04:00+00:00,8833.0,8833.8,8826.9,8826.9,36.88883925
2020-03-02 15:05:00+00:00,8826.9,8832.9,8826.9,8828.1,47.72130675
2020-03-02 15:06:00+00:00,8827.6,8828.2,8825.7,8827.2,22.49329469
2020-03-02 15:07:00+00:00,8826.8,8827.1,8823.3,8823.6,24.81211089
2020-03-02 15:08:00+00:00,8823.6,8833.0,8823.6,8832.9,46.27092471
2020-03-02 15:09:00+00:00,8833.0,8843.7,8833.0,8841.2,44.2162193
2020-03-02 15:10:00+00:00,8841.6,8841.6,8832.9,8833.2,13.274165400000001
2020-03-02 15:11:00+00:00,8832.9,8842.5,8829.6,8842.5,59.56537616
2020-03-02 15:12:00+00:00,8842.4,8849.3,8836.6,8849.3,90.95788508
2020-03-02 15:13:00+00:00,8849.9,8849.9,8843.1,8846.9,22.28656314
2020-03-02 15:14:00+00:00,8846.9,8854.1,8841.6,8851.6,25.63540525
2020-03-02 15:15:00+00:00,8851.9,8854.8,8840.6,8842.8,32.60524368
2020-03-02 15:16:00+00:00,8842.8,8842.8,8835.9,8837.4,26.76807977
2020-03-02 15:17:00+00:00,8836.7,8836.7,8829.3,8829.3,12.88165325
2020-03-02 15:18:00+00:00,8829.2,8829.8,8822.5,8829.4,37.69982158
2020-03-02 15:19:00+00:00,8829.4,8829.4,8821.2,8828.5,16.17364051
2020-03-02 15:20:00+00:00,8828.5,8834.4,8827.4,8833.4,16.93784842
2020-03-02 15:21:00+00:00,8833.3,8833.4,8824.4,8826.5,22.20352076
2020-03-02 15:22:00+00:00,8826.6,8836.3,8826.6,8835.7,19.38277689
2020-03-02 15:23:00+00:00,8835.6,8837.5,8832.8,8837.5,50.96582857
2020-03-02 15:24:00+00:00,8837.7,8840.5,8815.0,8815.0,95.15473568
2020-03-02 15:25:00+00:00,8815.0,8816.7,8802.7,8802.7,104.25296318
2020-03-02 15:26:00+00:00,8803.3,8805.3,8800.0,8801.8,288.40679653
2020-03-02 15:27:00+00:00,8801.9,8805.3,8800.0,8800.0,375.43342945
2020-03-02 15:28:00+00:00,8800.0,8800.0,8787.7,8797.9,237.17290525
2020-03-02 15:29:00+00:00,8798.0,8799.1,8785.6,8785.6,38.55990121
2020-03-02 15:30:00+00:00,8785.5,8790.3,8784.2,8788.5,73.46115846
2020-03-02 15:31:00+00:00,8788.9,8795.0,8788.9,8793.2,66.26557484
2020-03-02 15:32:00+00:00,8793.5,8802.4,8793.0,8800.9,45.14401888
2020-03-02 15:33:00+00:00,8800.9,8802.4,8793.6,8795.0,37.82902305
2020-03-02 15:34:00+00:00,8795.0,8796.4,8792.5,8794.8,49.44250188
2020-03-02 15:35:00+00:00,8794.9,8802.8,8794.0,8800.3,91.43406539
2020-03-02 15:36:00+00:00,8799.9,8802.7,8795.0,8795.5,51.80622545
2020-03-02 15:37:00+00:00,8794.8,8795.6,8790.0,8790.0,30.58700299
2020-03-02 15:38:00+00:00,8790.1,8792.9,8787.7,8787.7,57.22958274
2020-03-02 15:39:00+00:00,8787.6,8788.3,8780.6,8787.4,104.39378427
2020-03-02 15:40:00+00:00,8786.6,8786.6,8780.1,8781.8,34.18001944
2020-03-02 15:41:00+00:00,8781.9,8781.9,8776.3,8776.3,53.480567799999996
2020-03-02 15:42:00+00:00,8776.2,8790.2,8776.2,8786.6,96.83523333
2020-03-02 15:43:00+00:00,8786.6,8796.9,8785.3,8796.6,57.22263222
2020-03-02 15:44:00+00:00,8796.6,8796.7,8787.8,8793.5,125.53701235
2020-03-02 15:45:00+00:00,8793.6,8793.9,8782.4,8783.5,66.67098377
2020-03-02 15:46:00+00:00,8782.8,8791.1,8778.1,8790.3,63.40542393
2020-03-02 15:47:00+00:00,8790.4,8793.1,8788.8,8793.1,13.88431093
2020-03-02 15:48:00+00:00,8793.1,8798.3,8793.0,8797.7,30.61234723
2020-03-02 15:49:00+00:00,8797.7,8799.0,8797.1,8798.6,13.11987796
2020-03-02 15:50:00+00:00,8798.8,8820.4,8798.8,8815.6,77.5305464
2020-03-02 15:51:00+00:00,8815.6,8827.9,8815.1,8822.8,35.46950287
2020-03-02 15:52:00+00:00,8823.4,8828.6,8818.9,8825.9,52.04897332
2020-03-02 15:53:00+00:00,8825.8,8827.0,8818.9,8823.1,52.2843807
2020-03-02 15:54:00+00:00,8823.1,8824.1,8819.0,8820.4,51.09828863
2020-03-02 15:55:00+00:00,8820.2,8827.2,8820.2,8825.5,26.08747028
2020-03-02 15:56:00+00:00,8825.6,8826.1,8819.9,8823.3,30.13888814
2020-03-02 15:57:00+00:00,8823.3,8823.4,8819.1,8819.1,25.4102523
2020-03-02 15:58:00+00:00,8819.1,8840.0,8819.1,8834.1,86.65742145
2020-03-02 15:59:00+00:00,8834.0,8834.0,8826.0,8831.0,25.43756079
2020-03-02 16:00:00+00:00,8831.0,8838.8,8830.2,8830.9,60.25616392
2020-03-02 16:01:00+00:00,8831.0,8832.4,8823.4,8827.2,34.67541707
2020-03-02 16:02:00+00:00,8827.2,8843.5,8827.2,8839.5,51.01941944
2020-03-02 16:03:00+00:00,8839.7,8861.0,8839.7,8844.7,120.02980684
2020-03-02 16:04:00+00:00,8844.8,8855.4,8841.8,8853.9,27.93560462
2020-03-02 16:05:00+00:00,8853.9,8856.9,8840.0,8842.4,41.74492361
2020-03-02 16:06:00+00:00,8840.7,8842.3,8832.9,8836.4,45.93417356
2020-03-02 16:07:00+00:00,8836.3,8848.8,8834.7,8843.3,27.80787733
2020-03-02 16:08:00+00:00,8843.8,8846.6,8840.6,8846.6,18.67470475
2020-03-02 16:09:00+00:00,8846.6,8847.1,8840.5,8840.5,9.90882073
2020-03-02 16:10:00+00:00,8840.6,8848.9,8840.6,8848.9,55.52633015
2020-03-02 16:11:00+00:00,8848.9,8851.1,8845.7,8849.1,75.44540965
2020-03-02 16:12:00+00:00,8849.0,8849.1,8839.7,8839.8,33.18871152
2020-03-02 16:13:00+00:00,8839.7,8842.1,8839.7,8841.0,84.41602559
2020-03-02 16:14:00+00:00,8841.0,8858.5,8840.9,8857.0,34.73016629
2020-03-02 16:15:00+00:00,8857.0,8863.6,8856.9,8861.8,21.08770983
2020-03-02 16:16:00+00:00,8861.8,8863.3,8848.5,8850.1,37.19950854
2020-03-02 16:17:00+00:00,8850.1,8852.7,8849.0,8850.2,14.3950408
2020-03-02 16:18:00+00:00,8850.3,8852.4,8837.9,8839.9,44.19065336
2020-03-02 16:19:00+00:00,8840.0,8846.2,8838.8,8844.1,28.08931859
2020-03-02 16:20:00+00:00,8844.1,8844.2,8839.3,8840.4,8.26769452
2020-03-02 16:21:00+00:00,8839.9,8839.9,8830.8,8835.6,28.87507976
2020-03-02 16:22:00+00:00,8835.6,8836.5,8831.2,8835.4,41.17169669
2020-03-02 16:23:00+00:00,8835.5,8848.2,8835.5,8846.8,51.33363706
2020-03-02 16:24:00+00:00,8846.8,8858.0,8846.4,8856.3,48.0351925
2020-03-02 16:25:00+00:00,8856.7,8857.9,8852.3,8854.2,32.53284998
2020-03-02 16:26:00+00:00,8854.2,8867.2,8852.5,8858.4,59.94110722
2020-03-02 16:27:00+00:00,8858.5,8864.6,8857.5,8863.6,38.99542254
2020-03-02 16:28:00+00:00,8864.4,8866.9,8852.8,8865.0,17.88136413
2020-03-02 16:29:00+00:00,8864.3,8865.5,8858.7,8858.7,16.76822861
2020-03-02 16:30:00+00:00,8858.8,8876.8,8858.8,8876.8,37.07109661
2020-03-02 16:31:00+00:00,8876.8,8876.9,8863.6,8864.2,27.25747047
2020-03-02 16:32:00+00:00,8864.2,8874.7,8864.2,8865.1,88.90569920000002
2020-03-02 16:33:00+00:00,8865.1,8865.1,8857.8,8864.6,25.08152458
2020-03-02 16:34:00+00:00,8864.5,8873.7,8861.9,8871.1,35.21167243
2020-03-02 16:35:00+00:00,8871.2,8871.6,8858.8,8861.0,48.7987353
2020-03-02 16:36:00+00:00,8861.0,8861.1,8841.6,8841.6,53.23921331
2020-03-02 16:37:00+00:00,8841.6,8850.1,8841.6,8845.3,38.73129442
2020-03-02 16:38:00+00:00,8845.4,8855.8,8844.1,8852.7,60.79382317
2020-03-02 16:39:00+00:00,8852.7,8852.9,8845.0,8845.0,30.95069366
2020-03-02 16:40:00+00:00,8845.0,8849.0,8841.8,8849.0,43.6464826
2020-03-02 16:41:00+00:00,8849.0,8849.9,8839.2,8841.3,38.534827
2020-03-02 16:42:00+00:00,8840.5,8864.7,8839.8,8863.4,45.93968938
2020-03-02 16:43:00+00:00,8863.3,8868.4,8861.5,8864.8,70.25756329999999
2020-03-02 16:44:00+00:00,8864.7,8873.0,8862.4,8864.4,26.08364331
2020-03-02 16:45:00+00:00,8864.4,8864.4,8854.3,8855.9,26.82471186
2020-03-02 16:46:00+00:00,8855.9,8863.6,8855.9,8857.7,20.72081722
2020-03-02 16:47:00+00:00,8857.5,8861.1,8853.6,8859.8,38.45529986
2020-03-02 16:48:00+00:00,8859.8,8862.7,8855.7,8855.7,26.53395353
2020-03-02 16:49:00+00:00,8855.7,8862.5,8855.0,8862.5,9.55570465
2020-03-02 16:50:00+00:00,8862.4,8866.8,8861.3,8866.7,29.12081573
2020-03-02 16:51:00+00:00,8866.7,8871.0,8866.4,8867.7,15.23934893
2020-03-02 16:52:00+00:00,8867.7,8870.9,8854.9,8855.0,34.93417534
2020-03-02 16:53:00+00:00,8855.2,8857.8,8850.4,8850.4,17.73681721
2020-03-02 16:54:00+00:00,8850.5,8854.5,8846.2,8853.7,17.44256825
2020-03-02 16:55:00+00:00,8853.7,8853.7,8850.0,8850.0,17.635625100000002
2020-03-02 16:56:00+00:00,8850.0,8859.1,8850.0,8853.4,41.36754614
2020-03-02 16:57:00+00:00,8853.5,8859.3,8853.5,8859.3,34.55515781
2020-03-02 16:58:00+00:00,8859.2,8867.5,8858.5,8861.8,15.93597705
2020-03-02 16:59:00+00:00,8861.8,8864.1,8859.5,8859.5,39.398158
2020-03-02 17:00:00+00:00,8859.4,8859.4,8851.3,8855.9,11.88474039
2020-03-02 17:01:00+00:00,8855.3,8863.8,8855.0,8863.8,21.28365548
2020-03-02 17:02:00+00:00,8863.8,8865.1,8857.7,8860.8,27.990134
2020-03-02 17:03:00+00:00,8860.8,8879.5,8860.8,8874.8,34.04866276
2020-03-02 17:04:00+00:00,8875.9,8876.5,8867.2,8874.0,31.17805836
2020-03-02 17:05:00+00:00,8874.0,8880.0,8871.0,8872.4,12.18614366
2020-03-02 17:06:00+00:00,8872.4,8878.2,8866.3,8874.9,32.61573157
2020-03-02 17:07:00+00:00,8874.9,8876.1,8868.5,8868.5,25.35352555
2020-03-02 17:08:00+00:00,8867.9,8872.0,8867.8,8871.7,9.74729678
2020-03-02 17:09:00+00:00,8870.6,8870.9,8859.1,8859.1,11.44348502
2020-03-02 17:10:00+00:00,8859.0,8870.0,8855.7,8869.9,55.16300669
2020-03-02 17:11:00+00:00,8870.0,8874.1,8868.7,8870.8,19.18695939
2020-03-02 17:12:00+00:00,8870.2,8884.7,8870.2,8881.5,31.2890588
2020-03-02 17:13:00+00:00,8880.3,8881.0,8873.6,8875.8,32.43221851
2020-03-02 17:14:00+00:00,8876.2,8882.1,8876.2,8882.1,77.26043407
2020-03-02 17:15:00+00:00,8882.5,8882.5,8876.5,8877.1,41.75780148
2020-03-02 17:16:00+00:00,8877.2,8880.9,8877.1,8880.1,24.63529338
2020-03-02 17:17:00+00:00,8880.0,8880.6,8877.3,8879.4,18.76045
2020-03-02 17:18:00+00:00,8879.4,8894.6,8879.4,8890.4,98.20905049
2020-03-02 17:19:00+00:00,8891.3,8893.4,8885.8,8885.8,66.1665865
2020-03-02 17:20:00+00:00,8884.8,8895.6,8884.8,8893.2,68.86475312
2020-03-02 17:21:00+00:00,8893.2,8895.6,8891.1,8895.5,12.314568
2020-03-02 17:22:00+00:00,8895.5,8899.0,8895.5,8898.2,73.39863098
2020-03-02 17:23:00+00:00,8898.1,8899.0,8890.7,8898.5,55.90612339
2020-03-02 17:24:00+00:00,8898.6,8907.6,8898.6,8907.6,84.06129774
2020-03-02 17:25:00+00:00,8908.0,8918.6,8899.2,8899.2,71.24588718
2020-03-02 17:26:00+00:00,8899.2,8905.3,8893.6,8898.8,59.68765178
2020-03-02 17:27:00+00:00,8898.8,8905.5,8895.0,8905.4,91.90122338
2020-03-02 17:28:00+00:00,8905.4,8905.5,8899.4,8903.0,28.90753689
2020-03-02 17:29:00+00:00,8903.1,8904.8,8894.3,8897.4,70.58039472
2020-03-02 17:30:00+00:00,8898.0,8901.0,8878.2,8881.3,51.01618694
2020-03-02 17:31:00+00:00,8881.5,8894.7,8879.0,8893.3,23.57228167
2020-03-02 17:32:00+00:00,8893.3,8902.7,8892.2,8895.3,31.95218741
2020-03-02 17:33:00+00:00,8895.3,8895.3,8889.0,8890.2,24.99001679
2020-03-02 17:34:00+00:00,8890.3,8890.3,8888.2,8888.2,19.65900102
2020-03-02 17:35:00+00:00,8888.2,8891.4,8885.0,8891.3,163.79053701
2020-03-02 17:36:00+00:00,8891.3,8891.3,8859.9,8866.0,74.30844966
2020-03-02 17:37:00+00:00,8865.9,8874.9,8864.8,8873.8,10.68696712
2020-03-02 17:38:00+00:00,8873.9,8873.9,8868.6,8871.3,14.96911742
2020-03-02 17:39:00+00:00,8871.3,8873.0,8866.0,8867.3,32.89665478
2020-03-02 17:40:00+00:00,8867.6,8878.0,8867.6,8878.0,43.05409076
2020-03-02 17:41:00+00:00,8878.0,8885.7,8878.0,8885.6,32.67670238
2020-03-02 17:42:00+00:00,8885.6,8885.6,8868.8,8869.3,14.25734276
2020-03-02 17:43:00+00:00,8869.2,8869.2,8864.1,8864.1,34.98205707
2020-03-02 17:44:00+00:00,8864.2,8873.6,8864.1,8873.0,24.51908474
2020-03-02 17:45:00+00:00,8873.0,8873.4,8869.9,8872.2,24.33426088
2020-03-02 17:46:00+00:00,8872.5,8884.4,8872.1,8883.1,24.64446886
2020-03-02 17:47:00+00:00,8883.0,8884.3,8878.5,8882.6,123.31627803
2020-03-02 17:48:00+00:00,8882.6,8882.6,8873.4,8873.5,9.72861245
2020-03-02 17:49:00+00:00,8873.5,8874.9,8870.9,8873.7,25.4118734
2020-03-02 17:50:00+00:00,8873.8,8880.8,8873.8,8880.8,12.09976727
2020-03-02 17:51:00+00:00,8880.9,8881.3,8873.7,8876.4,27.16512018
2020-03-02 17:52:00+00:00,8877.4,8878.3,8870.9,8871.5,45.466418299999994
2020-03-02 17:53:00+00:00,8871.4,8871.5,8865.2,8867.5,11.04028413
2020-03-02 17:54:00+00:00,8867.5,8867.5,8862.0,8862.7,62.52789629
2020-03-02 17:55:00+00:00,8863.3,8865.2,8862.1,8863.9,41.20011408
2020-03-02 17:56:00+00:00,8863.8,8870.1,8861.1,8863.1,46.66059095
2020-03-02 17:57:00+00:00,8863.0,8863.0,8856.3,8857.9,23.392109299999998
2020-03-02 17:58:00+00:00,8857.9,8862.8,8856.1,8857.3,21.292924600000003
2020-03-02 17:59:00+00:00,8857.7,8869.7,8857.0,8868.1,60.37848954
2020-03-02 18:00:00+00:00,8868.3,8868.9,8858.3,8860.1,75.84920035
2020-03-02 18:01:00+00:00,8860.0,8867.0,8860.0,8864.7,40.94551608
2020-03-02 18:02:00+00:00,8864.6,8864.6,8855.4,8855.5,23.827287899999998
2020-03-02 18:03:00+00:00,8855.4,8856.3,8852.4,8855.9,49.56791429
2020-03-02 18:04:00+00:00,8856.6,8859.5,8854.1,8854.1,48.31812461
2020-03-02 18:05:00+00:00,8853.1,8868.5,8853.1,8867.0,17.45634426
2020-03-02 18:06:00+00:00,8867.0,8872.7,8864.0,8870.0,26.30970909
2020-03-02 18:07:00+00:00,8869.9,8873.6,8869.4,8873.6,31.79238983
2020-03-02 18:08:00+00:00,8873.6,8875.2,8869.3,8872.9,14.29250896
2020-03-02 18:09:00+00:00,8873.9,8874.7,8871.4,8874.7,11.65093907
2020-03-02 18:10:00+00:00,8874.8,8875.6,8870.0,8872.3,27.39640262
2020-03-02 18:11:00+00:00,8872.3,8872.3,8869.6,8871.1,42.77851244
2020-03-02 18:12:00+00:00,8871.2,8871.8,8863.0,8863.7,16.36648009
2020-03-02 18:13:00+00:00,8864.4,8871.7,8863.7,8864.3,26.82609124
2020-03-02 18:14:00+00:00,8864.1,8869.9,8863.8,8869.2,11.64460177
2020-03-02 18:15:00+00:00,8869.2,8869.7,8864.1,8864.2,3.63184496
2020-03-02 18:16:00+00:00,8864.6,8876.0,8864.3,8874.6,58.10111657
2020-03-02 18:17:00+00:00,8874.6,8881.3,8874.1,8875.7,21.35748411
2020-03-02 18:18:00+00:00,8876.1,8880.7,8875.8,8877.8,27.51971653
2020-03-02 18:19:00+00:00,8877.8,8885.2,8877.8,8881.6,22.9032089
2020-03-02 18:20:00+00:00,8881.8,8882.7,8871.7,8871.8,84.56734959
2020-03-02 18:21:00+00:00,8871.8,8878.9,8871.8,8877.5,16.28027186
2020-03-02 18:22:00+00:00,8877.5,8888.4,8877.4,8883.9,33.32481352
2020-03-02 18:23:00+00:00,8883.7,8883.7,8876.9,8877.6,78.26990859
2020-03-02 18:24:00+00:00,8877.9,8886.0,8877.9,8886.0,46.46334057
2020-03-02 18:25:00+00:00,8886.0,8886.0,8879.5,8882.9,26.12863276
2020-03-02 18:26:00+00:00,8882.9,8890.4,8882.7,8888.5,36.35456865
2020-03-02 18:27:00+00:00,8888.5,8890.9,8885.1,8885.2,26.43216465
2020-03-02 18:28:00+00:00,8885.4,8887.5,8878.1,8878.1,18.00126509
2020-03-02 18:29:00+00:00,8878.1,8887.6,8878.1,8880.5,32.07473834
2020-03-02 18:30:00+00:00,8881.4,8881.4,8876.1,8876.5,13.31444493
2020-03-02 18:31:00+00:00,8876.2,8876.2,8869.5,8870.8,42.89206196
2020-03-02 18:32:00+00:00,8870.9,8872.3,8867.6,8867.6,10.13123172
2020-03-02 18:33:00+00:00,8867.4,8871.9,8866.2,8869.9,14.9379269
2020-03-02 18:34:00+00:00,8869.9,8871.6,8865.4,8870.4,9.16125798
2020-03-02 18:35:00+00:00,8870.4,8870.4,8869.2,8869.5,5.55742463
2020-03-02 18:36:00+00:00,8869.6,8870.6,8867.1,8868.5,50.59790069
2020-03-02 18:37:00+00:00,8868.0,8868.0,8862.0,8862.9,12.6025533
2020-03-02 18:38:00+00:00,8862.9,8863.9,8859.8,8860.0,9.48776741
2020-03-02 18:39:00+00:00,8860.0,8862.5,8857.1,8857.2,58.25853693
2020-03-02 18:40:00+00:00,8857.2,8866.1,8857.2,8862.5,28.55264016
2020-03-02 18:41:00+00:00,8862.5,8863.7,8861.9,8862.2,12.68992159
2020-03-02 18:42:00+00:00,8862.2,8862.2,8857.0,8857.1,11.62951993
2020-03-02 18:43:00+00:00,8857.0,8857.0,8850.0,8852.1,32.59302249
2020-03-02 18:44:00+00:00,8852.9,8857.3,8851.8,8855.2,23.01187855
2020-03-02 18:45:00+00:00,8855.2,8856.2,8853.3,8855.2,2.34444165
2020-03-02 18:46:00+00:00,8856.1,8861.6,8856.1,8859.2,30.3560075
2020-03-02 18:47:00+00:00,8860.4,8860.4,8855.6,8860.1,14.04069481
2020-03-02 18:48:00+00:00,8860.1,8869.9,8860.0,8864.8,20.68015149
2020-03-02 18:49:00+00:00,8864.8,8864.8,8862.0,8862.1,11.52115034
2020-03-02 18:50:00+00:00,8862.0,8866.1,8861.5,8866.1,8.9416475
2020-03-02 18:51:00+00:00,8867.1,8868.3,8861.6,8861.6,20.45428371
2020-03-02 18:52:00+00:00,8861.6,8861.6,8850.8,8850.9,51.34875311
2020-03-02 18:53:00+00:00,8850.9,8851.0,8837.6,8846.2,146.80733519999998
2020-03-02 18:54:00+00:00,8846.1,8847.5,8842.7,8847.4,24.54402365
2020-03-02 18:55:00+00:00,8847.5,8847.8,8843.8,8846.1,25.71962492
2020-03-02 18:56:00+00:00,8846.3,8848.3,8843.3,8845.2,9.80434361
2020-03-02 18:57:00+00:00,8845.3,8847.6,8845.3,8845.5,2.87150196
2020-03-02 18:58:00+00:00,8844.8,8847.6,8844.1,8845.7,35.24797279
2020-03-02 18:59:00+00:00,8845.7,8860.7,8845.6,8859.9,6.49650746
2020-03-02 19:00:00+00:00,8859.9,8860.5,8853.5,8860.5,32.380877000000005
2020-03-02 19:01:00+00:00,8860.4,8862.3,8854.8,8854.9,26.4720337
2020-03-02 19:02:00+00:00,8854.9,8855.8,8840.3,8840.3,44.05280568
2020-03-02 19:03:00+00:00,8840.2,8845.6,8837.2,8837.9,35.62403654
2020-03-02 19:04:00+00:00,8837.9,8839.9,8823.2,8823.8,59.44732783
2020-03-02 19:05:00+00:00,8823.8,8832.6,8822.8,8826.8,30.47521023
2020-03-02 19:06:00+00:00,8827.0,8833.6,8826.2,8832.4,12.12508034
2020-03-02 19:07:00+00:00,8832.4,8832.4,8825.2,8828.2,17.04783044
2020-03-02 19:08:00+00:00,8828.3,8828.5,8827.5,8828.1,4.93628049
2020-03-02 19:09:00+00:00,8828.1,8837.6,8827.4,8837.6,21.52548921
2020-03-02 19:10:00+00:00,8838.1,8842.7,8838.1,8842.3,38.41983654
2020-03-02 19:11:00+00:00,8842.3,8843.0,8836.5,8838.7,24.56142123
2020-03-02 19:12:00+00:00,8838.7,8841.1,8838.7,8840.6,15.96153067
2020-03-02 19:13:00+00:00,8841.0,8848.3,8840.0,8848.3,16.26996431
2020-03-02 19:14:00+00:00,8848.2,8850.5,8841.7,8841.8,45.46832948
2020-03-02 19:15:00+00:00,8842.3,8843.4,8831.9,8831.9,50.92194948
2020-03-02 19:16:00+00:00,8831.9,8833.8,8829.3,8833.4,25.61932186
2020-03-02 19:17:00+00:00,8833.4,8838.6,8832.6,8832.8,27.23814444
2020-03-02 19:18:00+00:00,8832.8,8834.9,8829.5,8833.1,24.42242818
2020-03-02 19:19:00+00:00,8833.1,8833.2,8830.9,8832.6,10.78857212
2020-03-02 19:20:00+00:00,8832.5,8844.0,8830.3,8844.0,14.25260302
2020-03-02 19:21:00+00:00,8844.0,8848.2,8844.0,8848.2,23.58820365
2020-03-02 19:22:00+00:00,8848.2,8857.6,8848.2,8856.1,28.39445817
2020-03-02 19:23:00+00:00,8856.1,8856.1,8848.2,8849.9,24.2307664
2020-03-02 19:24:00+00:00,8850.0,8857.0,8848.4,8855.8,15.75403636
2020-03-02 19:25:00+00:00,8855.8,8855.8,8850.9,8851.2,36.25945485
2020-03-02 19:26:00+00:00,8852.2,8860.7,8852.2,8856.5,40.75915994
2020-03-02 19:27:00+00:00,8856.6,8857.6,8849.6,8850.5,49.83208261
2020-03-02 19:28:00+00:00,8850.4,8853.8,8849.3,8853.8,5.93251069
2020-03-02 19:29:00+00:00,8853.8,8856.6,8853.7,8856.6,2.09348559
2020-03-02 19:30:00+00:00,8856.6,8856.6,8847.6,8848.1,20.46493504
2020-03-02 19:31:00+00:00,8847.0,8853.4,8845.9,8846.5,35.56693144
2020-03-02 19:32:00+00:00,8846.7,8853.6,8846.7,8852.8,15.49582191
2020-03-02 19:33:00+00:00,8852.7,8853.5,8846.4,8846.4,9.70008972
2020-03-02 19:34:00+00:00,8846.4,8850.0,8845.3,8846.4,24.11211487
2020-03-02 19:35:00+00:00,8846.3,8852.5,8846.3,8852.5,4.32634802
2020-03-02 19:36:00+00:00,8852.6,8861.4,8846.5,8859.5,43.40066608
2020-03-02 19:37:00+00:00,8859.4,8863.4,8859.1,8861.9,25.09786187
2020-03-02 19:38:00+00:00,8861.9,8861.9,8857.3,8857.3,18.69054184
2020-03-02 19:39:00+00:00,8857.3,8869.5,8857.3,8864.8,18.09989243
2020-03-02 19:40:00+00:00,8864.9,8868.2,8864.6,8868.1,3.40753381
2020-03-02 19:41:00+00:00,8868.1,8869.8,8866.4,8867.8,21.698455600000003
2020-03-02 19:42:00+00:00,8867.8,8875.9,8867.8,8874.6,38.89550669
2020-03-02 19:43:00+00:00,8874.7,8875.7,8861.9,8864.7,19.72165085
2020-03-02 19:44:00+00:00,8864.7,8865.5,8861.8,8862.8,10.99524224
2020-03-02 19:45:00+00:00,8863.8,8868.1,8863.0,8868.0,6.91356507
2020-03-02 19:46:00+00:00,8868.1,8869.3,8865.7,8866.4,10.68050498
2020-03-02 19:47:00+00:00,8866.4,8866.4,8857.9,8861.4,34.86204666
2020-03-02 19:48:00+00:00,8861.3,8861.3,8858.2,8860.2,8.47968753
2020-03-02 19:49:00+00:00,8860.3,8868.5,8860.3,8868.4,8.15462648
2020-03-02 19:50:00+00:00,8867.3,8867.3,8864.5,8866.6,5.21136095
2020-03-02 19:51:00+00:00,8866.5,8866.5,8860.0,8860.0,7.76615424
2020-03-02 19:52:00+00:00,8860.0,8869.7,8860.0,8868.1,18.71210342
2020-03-02 19:53:00+00:00,8868.2,8873.2,8863.7,8873.2,25.71345438
2020-03-02 19:54:00+00:00,8873.2,8883.3,8872.1,8873.6,24.03568539
2020-03-02 19:55:00+00:00,8873.7,8881.6,8873.6,8880.8,23.56335928
2020-03-02 19:56:00+00:00,8880.9,8886.8,8880.8,8884.1,37.11116146
2020-03-02 19:57:00+00:00,8884.0,8884.1,8878.4,8879.7,20.45654001
2020-03-02 19:58:00+00:00,8879.7,8883.8,8879.6,8883.8,18.00440851
2020-03-02 19:59:00+00:00,8883.9,8884.5,8883.1,8883.5,6.56800354
2020-03-02 20:00:00+00:00,8883.6,8885.6,8878.0,8878.0,26.56917743
2020-03-02 20:01:00+00:00,8877.5,8886.5,8874.8,8885.1,17.69415027
2020-03-02 20:02:00+00:00,8884.8,8884.8,8880.9,8880.9,11.57698595
2020-03-02 20:03:00+00:00,8881.0,8882.1,8875.4,8876.6,15.37617695
2020-03-02 20:04:00+00:00,8876.6,8877.5,8872.9,8873.5,29.41453645
2020-03-02 20:05:00+00:00,8873.5,8874.6,8866.2,8866.2,24.04623578
2020-03-02 20:06:00+00:00,8867.4,8878.0,8867.4,8878.0,32.92455865
2020-03-02 20:07:00+00:00,8877.9,8877.9,8871.1,8871.1,9.41446006
2020-03-02 20:08:00+00:00,8870.9,8870.9,8864.6,8867.8,38.2495185
2020-03-02 20:09:00+00:00,8867.7,8867.8,8866.1,8867.6,10.37938061
2020-03-02 20:10:00+00:00,8867.6,8869.5,8867.6,8869.4,18.46747375
2020-03-02 20:11:00+00:00,8869.5,8874.2,8869.4,8871.6,17.08123212
2020-03-02 20:12:00+00:00,8871.6,8872.7,8871.0,8872.7,18.27092621
2020-03-02 20:13:00+00:00,8872.7,8872.7,8861.2,8862.2,18.68878447
2020-03-02 20:14:00+00:00,8862.2,8869.0,8860.9,8861.5,35.31206187
2020-03-02 20:15:00+00:00,8861.6,8863.7,8858.4,8863.6,15.76327811
2020-03-02 20:16:00+00:00,8863.5,8864.3,8862.4,8863.5,3.60705729
2020-03-02 20:17:00+00:00,8863.5,8863.5,8856.2,8862.4,24.89484735
2020-03-02 20:18:00+00:00,8862.4,8864.0,8857.0,8857.3,11.90183105
2020-03-02 20:19:00+00:00,8857.2,8859.6,8856.1,8856.1,20.36146499
2020-03-02 20:20:00+00:00,8856.1,8856.1,8851.1,8855.8,53.18114476
2020-03-02 20:21:00+00:00,8855.8,8864.4,8855.8,8858.5,16.43094747
2020-03-02 20:22:00+00:00,8859.2,8863.5,8859.2,8863.4,10.008129499999999
2020-03-02 20:23:00+00:00,8863.5,8863.5,8859.7,8859.7,8.60914517
2020-03-02 20:24:00+00:00,8859.3,8859.8,8855.6,8855.6,7.91861886
2020-03-02 20:25:00+00:00,8855.6,8855.7,8852.8,8852.9,8.99228617
2020-03-02 20:26:00+00:00,8852.8,8859.4,8851.6,8858.5,13.08223634
2020-03-02 20:27:00+00:00,8858.4,8858.4,8856.7,8857.5,0.56235033
2020-03-02 20:28:00+00:00,8857.4,8870.8,8857.4,8870.8,21.71717034
2020-03-02 20:29:00+00:00,8871.0,8871.0,8863.9,8870.9,29.06332246
2020-03-02 20:30:00+00:00,8871.7,8871.7,8866.7,8869.9,5.29139997
2020-03-02 20:31:00+00:00,8870.8,8876.0,8869.2,8874.6,23.18334458
2020-03-02 20:32:00+00:00,8873.9,8874.7,8867.9,8871.8,20.42522831
2020-03-02 20:33:00+00:00,8871.8,8873.3,8868.0,8868.0,17.91528318
2020-03-02 20:34:00+00:00,8868.1,8868.1,8864.2,8864.2,22.49517243
2020-03-02 20:35:00+00:00,8864.3,8875.4,8863.0,8872.5,29.28839434
2020-03-02 20:36:00+00:00,8873.9,8875.4,8869.9,8872.0,11.33836745
2020-03-02 20:37:00+00:00,8872.6,8873.6,8872.5,8873.6,79.4063819
2020-03-02 20:38:00+00:00,8873.7,8873.8,8866.0,8873.8,80.45621827
2020-03-02 20:39:00+00:00,8873.8,8873.8,8870.3,8871.4,11.836298
2020-03-02 20:40:00+00:00,8871.5,8872.7,8864.5,8864.5,13.86634168
2020-03-02 20:41:00+00:00,8864.5,8867.0,8863.9,8866.9,6.34732196
2020-03-02 20:42:00+00:00,8867.0,8867.4,8864.4,8864.4,3.42001294
2020-03-02 20:43:00+00:00,8863.8,8863.9,8859.3,8859.3,50.458847999999996
2020-03-02 20:44:00+00:00,8859.3,8865.6,8858.1,8865.6,70.18303279999999
2020-03-02 20:45:00+00:00,8865.7,8869.7,8864.5,8869.7,24.65157313
2020-03-02 20:46:00+00:00,8869.7,8870.5,8868.9,8870.3,7.61906516
2020-03-02 20:47:00+00:00,8870.3,8872.9,8870.3,8871.4,19.57158077
2020-03-02 20:48:00+00:00,8871.4,8871.5,8868.5,8870.8,82.69690651
2020-03-02 20:49:00+00:00,8870.9,8871.3,8869.9,8870.0,3.82873327
2020-03-02 20:50:00+00:00,8870.0,8878.5,8870.0,8878.1,22.72330483
2020-03-02 20:51:00+00:00,8877.1,8879.3,8875.5,8875.6,15.41272694
2020-03-02 20:52:00+00:00,8875.6,8878.5,8873.7,8873.8,63.60289933
2020-03-02 20:53:00+00:00,8873.7,8874.9,8871.3,8871.3,40.58600809
2020-03-02 20:54:00+00:00,8871.3,8871.3,8865.7,8868.8,51.152761600000005
2020-03-02 20:55:00+00:00,8868.6,8878.2,8868.6,8878.2,25.33996605
2020-03-02 20:56:00+00:00,8878.2,8882.2,8876.6,8882.1,15.00254486
2020-03-02 20:57:00+00:00,8881.8,8881.9,8875.7,8875.8,10.91823958
2020-03-02 20:58:00+00:00,8876.9,8879.1,8874.5,8876.2,14.37921037
2020-03-02 20:59:00+00:00,8876.1,8883.9,8876.1,8881.9,24.98371849
2020-03-02 21:00:00+00:00,8881.9,8884.5,8880.5,8881.4,21.07831512
2020-03-02 21:01:00+00:00,8881.4,8888.4,8881.3,8884.9,16.56241045
2020-03-02 21:02:00+00:00,8884.6,8895.9,8884.5,8892.8,26.77649002
2020-03-02 21:03:00+00:00,8892.8,8894.6,8889.9,8892.9,35.4020343
2020-03-02 21:04:00+00:00,8892.9,8892.9,8889.6,8889.6,12.9797323
2020-03-02 21:05:00+00:00,8889.7,8898.2,8889.7,8896.3,28.07640708
2020-03-02 21:06:00+00:00,8896.5,8900.5,8895.0,8900.5,39.58557611
2020-03-02 21:07:00+00:00,8900.4,8905.4,8895.3,8900.5,31.77054254
2020-03-02 21:08:00+00:00,8900.4,8906.1,8899.4,8906.0,34.10137948
2020-03-02 21:09:00+00:00,8906.1,8909.5,8906.0,8906.8,9.59059828
2020-03-02 21:10:00+00:00,8906.8,8907.0,8899.2,8899.4,44.22430534
2020-03-02 21:11:00+00:00,8899.4,8903.5,8899.0,8901.5,25.62467329
2020-03-02 21:12:00+00:00,8901.4,8905.4,8899.9,8902.4,22.86158056
2020-03-02 21:13:00+00:00,8902.3,8905.3,8902.3,8902.6,7.63653861
2020-03-02 21:14:00+00:00,8902.6,8907.1,8902.6,8906.7,26.5309113
2020-03-02 21:15:00+00:00,8905.8,8919.0,8904.5,8913.0,31.37732615
2020-03-02 21:16:00+00:00,8912.7,8923.4,8912.7,8922.9,12.64285229
2020-03-02 21:17:00+00:00,8922.9,8925.9,8919.0,8922.9,30.88914759
2020-03-02 21:18:00+00:00,8922.9,8927.9,8922.7,8927.8,26.9574716
2020-03-02 21:19:00+00:00,8927.9,8928.3,8923.3,8927.8,8.04552009
2020-03-02 21:20:00+00:00,8927.9,8933.5,8927.8,8932.6,44.09379462
2020-03-02 21:21:00+00:00,8932.6,8937.1,8932.6,8936.6,30.35097742
2020-03-02 21:22:00+00:00,8936.6,8938.3,8929.4,8929.5,130.21344475
2020-03-02 21:23:00+00:00,8929.5,8935.5,8928.9,8933.4,6.2722349
2020-03-02 21:24:00+00:00,8933.4,8933.4,8919.2,8924.1,22.33219576
2020-03-02 21:25:00+00:00,8924.6,8929.0,8924.1,8926.2,32.23540496
2020-03-02 21:26:00+00:00,8926.1,8926.1,8907.5,8909.8,28.35521085
2020-03-02 21:27:00+00:00,8909.8,8918.3,8908.2,8917.3,21.53483221
2020-03-02 21:28:00+00:00,8916.5,8917.1,8915.5,8915.8,9.9338759
2020-03-02 21:29:00+00:00,8915.9,8916.5,8913.3,8914.8,45.15878429
2020-03-02 21:30:00+00:00,8914.8,8914.8,8904.7,8906.1,26.1927845
2020-03-02 21:31:00+00:00,8905.6,8906.0,8889.0,8896.6,61.62472864
2020-03-02 21:32:00+00:00,8896.6,8905.1,8896.6,8903.1,18.61334804
2020-03-02 21:33:00+00:00,8903.2,8904.8,8898.5,8899.6,70.20751586
2020-03-02 21:34:00+00:00,8899.1,8900.9,8899.1,8900.9,8.26563157
2020-03-02 21:35:00+00:00,8901.2,8909.6,8901.1,8907.9,83.97872226
2020-03-02 21:36:00+00:00,8907.8,8909.0,8907.8,8908.9,34.82247364
2020-03-02 21:37:00+00:00,8908.9,8909.0,8908.8,8909.0,18.92647077
2020-03-02 21:38:00+00:00,8909.0,8909.0,8905.0,8907.3,74.64012599
2020-03-02 21:39:00+00:00,8907.1,8907.2,8906.1,8907.2,79.48764686
2020-03-02 21:40:00+00:00,8907.1,8908.0,8906.2,8906.3,9.418989100000001
2020-03-02 21:41:00+00:00,8906.2,8913.6,8906.2,8913.0,26.83266385
2020-03-02 21:42:00+00:00,8913.0,8920.8,8913.0,8920.5,11.11738364
2020-03-02 21:43:00+00:00,8920.9,8932.5,8920.9,8932.4,24.6996131
2020-03-02 21:44:00+00:00,8932.4,8935.8,8931.3,8935.6,42.70651417
2020-03-02 21:45:00+00:00,8935.6,8937.2,8933.3,8933.3,48.10493049
2020-03-02 21:46:00+00:00,8932.7,8932.8,8930.1,8930.2,28.79706363
2020-03-02 21:47:00+00:00,8929.8,8929.8,8917.5,8924.4,42.27027936
2020-03-02 21:48:00+00:00,8924.1,8932.0,8923.4,8930.0,31.59411585
2020-03-02 21:49:00+00:00,8931.7,8931.7,8930.3,8930.3,7.86974178
2020-03-02 21:50:00+00:00,8930.3,8936.8,8928.5,8936.7,9.48110905
2020-03-02 21:51:00+00:00,8936.7,8937.1,8935.2,8936.1,4.09286126
2020-03-02 21:52:00+00:00,8935.5,8935.5,8931.0,8934.8,5.07660017
2020-03-02 21:53:00+00:00,8935.6,8935.6,8933.0,8934.0,15.7241245
2020-03-02 21:54:00+00:00,8934.0,8934.0,8931.5,8933.5,31.29893959
2020-03-02 21:55:00+00:00,8933.6,8935.3,8933.6,8934.7,5.37739209
2020-03-02 21:56:00+00:00,8934.7,8940.3,8934.7,8939.6,56.74524818
2020-03-02 21:57:00+00:00,8939.2,8939.2,8937.7,8937.7,8.35228385
2020-03-02 21:58:00+00:00,8937.6,8937.6,8932.8,8932.8,32.86815617
2020-03-02 21:59:00+00:00,8932.4,8935.0,8928.1,8935.0,52.22568702
2020-03-02 22:00:00+00:00,8935.0,8935.0,8933.0,8934.4,62.86463052
2020-03-02 22:01:00+00:00,8934.0,8934.1,8922.4,8922.5,14.10607907
2020-03-02 22:02:00+00:00,8922.6,8922.6,8920.1,8920.1,9.05529091
2020-03-02 22:03:00+00:00,8920.1,8922.4,8920.1,8922.3,18.18103133
2020-03-02 22:04:00+00:00,8922.3,8922.3,8922.1,8922.1,4.21311393
2020-03-02 22:05:00+00:00,8922.1,8941.6,8919.6,8939.3,50.40916602
2020-03-02 22:06:00+00:00,8939.4,8944.6,8932.6,8933.1,33.70146162
2020-03-02 22:07:00+00:00,8932.4,8932.4,8926.1,8928.1,20.45104531
2020-03-02 22:08:00+00:00,8927.0,8928.2,8920.3,8920.3,37.94297279
2020-03-02 22:09:00+00:00,8920.1,8928.5,8917.4,8928.1,44.83481407
2020-03-02 22:10:00+00:00,8928.2,8931.0,8928.1,8930.2,2.16625354
2020-03-02 22:11:00+00:00,8930.3,8942.2,8929.5,8939.1,22.71942749
2020-03-02 22:12:00+00:00,8939.1,8939.1,8933.2,8933.5,24.19487807
2020-03-02 22:13:00+00:00,8933.5,8934.9,8933.4,8934.0,8.87973835
2020-03-02 22:14:00+00:00,8933.9,8935.2,8933.9,8935.2,17.50716812
2020-03-02 22:15:00+00:00,8935.2,8935.2,8933.8,8933.9,14.76978417
2020-03-02 22:16:00+00:00,8933.8,8934.3,8933.5,8934.3,22.77977272
2020-03-02 22:17:00+00:00,8934.8,8935.1,8934.8,8934.8,4.69895574
2020-03-02 22:18:00+00:00,8934.9,8935.2,8934.8,8935.0,10.55205592
2020-03-02 22:19:00+00:00,8935.1,8936.7,8935.1,8936.6,15.48777219
2020-03-02 22:20:00+00:00,8936.7,8938.9,8936.6,8938.9,28.40573594
2020-03-02 22:21:00+00:00,8938.9,8942.9,8938.9,8942.9,13.16286186
2020-03-02 22:22:00+00:00,8942.9,8945.5,8942.9,8945.1,46.31241253
2020-03-02 22:23:00+00:00,8944.5,8945.6,8944.4,8945.6,24.19331737
2020-03-02 22:24:00+00:00,8945.8,8946.2,8945.8,8945.9,30.185196
2020-03-02 22:25:00+00:00,8945.8,8947.1,8945.2,8945.4,42.64142537
2020-03-02 22:26:00+00:00,8945.7,8946.5,8945.7,8946.5,10.08578435
2020-03-02 22:27:00+00:00,8946.6,8949.1,8946.6,8949.1,72.66459574
2020-03-02 22:28:00+00:00,8949.2,8951.3,8949.2,8951.1,48.5061685
2020-03-02 22:29:00+00:00,8951.0,8952.5,8950.2,8952.5,23.20390821
2020-03-02 22:30:00+00:00,8952.5,8957.0,8952.5,8956.4,11.73763557
2020-03-02 22:31:00+00:00,8956.3,8959.0,8956.3,8958.9,10.59728529
2020-03-02 22:32:00+00:00,8958.9,8962.0,8958.9,8958.9,46.72198402
2020-03-02 22:33:00+00:00,8958.7,8958.7,8953.6,8954.8,20.56399255
2020-03-02 22:34:00+00:00,8954.9,8957.6,8947.6,8947.7,16.0994001
2020-03-02 22:35:00+00:00,8947.7,8948.7,8936.7,8936.7,14.62707078
2020-03-02 22:36:00+00:00,8936.7,8936.8,8936.5,8936.5,22.12663753
2020-03-02 22:37:00+00:00,8936.5,8937.3,8935.6,8937.2,10.48541067
2020-03-02 22:38:00+00:00,8937.2,8937.2,8933.5,8933.5,11.18039924
2020-03-02 22:39:00+00:00,8933.5,8933.5,8913.3,8918.0,30.19573063
2020-03-02 22:40:00+00:00,8917.9,8918.1,8912.0,8915.9,55.80840798
2020-03-02 22:41:00+00:00,8915.8,8925.0,8915.6,8925.0,23.41511141
2020-03-02 22:42:00+00:00,8925.1,8931.0,8919.8,8919.8,60.78569745
2020-03-02 22:43:00+00:00,8919.8,8919.9,8915.4,8917.5,17.48778148
2020-03-02 22:44:00+00:00,8917.0,8924.2,8916.9,8924.2,12.56856357
2020-03-02 22:45:00+00:00,8924.2,8925.2,8923.1,8923.1,40.76127744
2020-03-02 22:46:00+00:00,8923.1,8923.1,8919.4,8920.7,7.6204262
2020-03-02 22:47:00+00:00,8920.7,8920.7,8919.6,8919.8,16.09068959
2020-03-02 22:48:00+00:00,8919.8,8919.9,8919.4,8919.4,90.91578004
2020-03-02 22:49:00+00:00,8919.5,8919.9,8918.9,8919.0,14.93841459
2020-03-02 22:50:00+00:00,8918.9,8925.2,8918.9,8924.1,38.70540541
2020-03-02 22:51:00+00:00,8924.1,8931.7,8924.0,8929.7,40.529578
2020-03-02 22:52:00+00:00,8929.7,8933.7,8928.6,8930.4,25.82220801
2020-03-02 22:53:00+00:00,8930.5,8933.7,8930.1,8933.7,17.92028899
2020-03-02 22:54:00+00:00,8933.7,8935.2,8933.0,8933.0,11.39329904
2020-03-02 22:55:00+00:00,8933.1,8934.2,8930.0,8930.0,19.45371821
2020-03-02 22:56:00+00:00,8930.1,8930.1,8920.0,8920.0,43.16684969
2020-03-02 22:57:00+00:00,8918.9,8922.2,8918.3,8922.1,22.34477133
2020-03-02 22:58:00+00:00,8922.1,8923.0,8918.1,8918.1,11.28764137
2020-03-02 22:59:00+00:00,8918.1,8918.1,8910.4,8910.4,8.76753487
2020-03-02 23:00:00+00:00,8910.4,8910.4,8891.1,8893.4,66.70641014
2020-03-02 23:01:00+00:00,8893.4,8907.0,8893.3,8896.2,34.68959669
2020-03-02 23:02:00+00:00,8896.0,8896.0,8880.6,8884.1,81.29053494
2020-03-02 23:03:00+00:00,8883.7,8889.8,8883.7,8888.7,35.0483642
2020-03-02 23:04:00+00:00,8888.8,8895.2,8886.1,8892.9,44.1488544
2020-03-02 23:05:00+00:00,8892.9,8893.0,8878.5,8883.4,50.25746833
2020-03-02 23:06:00+00:00,8883.4,8888.4,8883.4,8888.3,10.15959805
2020-03-02 23:07:00+00:00,8889.3,8903.9,8889.3,8902.7,28.08080542
2020-03-02 23:08:00+00:00,8902.6,8902.6,8890.8,8891.7,21.94603048
2020-03-02 23:09:00+00:00,8891.6,8893.1,8889.6,8893.1,22.77307376
2020-03-02 23:10:00+00:00,8893.1,8906.3,8893.1,8904.3,53.03653008
2020-03-02 23:11:00+00:00,8904.3,8909.6,8895.2,8901.4,47.01111673
2020-03-02 23:12:00+00:00,8901.3,8906.9,8891.2,8894.0,36.18686926
2020-03-02 23:13:00+00:00,8893.9,8895.1,8889.9,8893.6,37.40875644
2020-03-02 23:14:00+00:00,8893.5,8894.4,8888.7,8889.5,25.21721793
2020-03-02 23:15:00+00:00,8889.6,8889.6,8884.5,8888.0,17.71189303
2020-03-02 23:16:00+00:00,8887.9,8893.5,8887.1,8888.4,45.01334809
2020-03-02 23:17:00+00:00,8888.4,8894.0,8885.3,8893.9,46.70952138
2020-03-02 23:18:00+00:00,8894.0,8901.0,8894.0,8899.7,21.34464449
2020-03-02 23:19:00+00:00,8899.8,8900.0,8898.6,8898.7,10.44720498
2020-03-02 23:20:00+00:00,8898.7,8905.8,8898.7,8904.7,34.18813723
2020-03-02 23:21:00+00:00,8905.8,8912.2,8897.4,8897.5,31.42575651
2020-03-02 23:22:00+00:00,8897.4,8910.6,8897.4,8905.8,51.61993729
2020-03-02 23:23:00+00:00,8905.7,8908.9,8897.1,8903.2,30.80484337
2020-03-02 23:24:00+00:00,8903.3,8910.0,8902.4,8906.5,24.0161077
2020-03-02 23:25:00+00:00,8906.5,8906.5,8896.5,8897.1,44.40307046
2020-03-02 23:26:00+00:00,8897.1,8898.3,8890.9,8891.3,28.96390378
2020-03-02 23:27:00+00:00,8891.1,8902.6,8890.3,8894.9,30.61022029
2020-03-02 23:28:00+00:00,8894.9,8894.9,8889.3,8892.6,27.93163599
2020-03-02 23:29:00+00:00,8892.3,8892.4,8886.1,8886.5,28.61492478
2020-03-02 23:30:00+00:00,8886.5,8886.5,8880.1,8881.9,40.98525242
2020-03-02 23:31:00+00:00,8881.8,8889.8,8881.1,8889.7,38.13261661
2020-03-02 23:32:00+00:00,8889.7,8889.8,8883.3,8883.3,17.31164521
2020-03-02 23:33:00+00:00,8883.4,8885.8,8881.0,8884.0,39.06254382
2020-03-02 23:34:00+00:00,8884.1,8886.9,8882.6,8882.6,47.82903953
2020-03-02 23:35:00+00:00,8882.6,8892.9,8879.1,8891.6,25.76219289
2020-03-02 23:36:00+00:00,8891.4,8900.5,8891.1,8900.5,47.27367429
2020-03-02 23:37:00+00:00,8900.5,8902.3,8897.8,8897.8,46.69305512
2020-03-02 23:38:00+00:00,8897.9,8901.0,8897.9,8898.5,25.29737213
2020-03-02 23:39:00+00:00,8898.5,8898.5,8891.9,8896.3,48.33258609
2020-03-02 23:40:00+00:00,8896.7,8899.1,8893.6,8894.5,28.39119606
2020-03-02 23:41:00+00:00,8894.5,8894.5,8883.7,8888.2,47.76519781
2020-03-02 23:42:00+00:00,8888.1,8894.5,8887.5,8893.7,21.70638682
2020-03-02 23:43:00+00:00,8893.8,8893.8,8890.3,8893.6,13.54414848
2020-03-02 23:44:00+00:00,8893.7,8893.7,8890.6,8891.1,24.35177484
2020-03-02 23:45:00+00:00,8891.1,8891.9,8882.0,8882.1,14.07573258
2020-03-02 23:46:00+00:00,8882.1,8889.7,8882.1,8888.9,56.86005867
2020-03-02 23:47:00+00:00,8888.8,8888.8,8882.1,8883.6,34.0715967
2020-03-02 23:48:00+00:00,8883.6,8883.7,8879.5,8881.1,32.43455088
2020-03-02 23:49:00+00:00,8881.2,8887.0,8879.9,8887.0,57.29335324
2020-03-02 23:50:00+00:00,8887.0,8889.9,8887.0,8889.9,11.88423439
2020-03-02 23:51:00+00:00,8889.9,8896.4,8889.9,8895.5,19.38643977
2020-03-02 23:52:00+00:00,8896.1,8897.1,8889.0,8890.1,56.95357985
2020-03-02 23:53:00+00:00,8890.1,8896.3,8890.1,8895.5,25.93917215
2020-03-02 23:54:00+00:00,8895.5,8896.4,8891.9,8891.9,68.34000564
2020-03-02 23:55:00+00:00,8892.2,8906.5,8891.4,8898.8,59.01680844
2020-03-02 23:56:00+00:00,8898.8,8906.7,8898.0,8898.2,47.98543713
2020-03-02 23:57:00+00:00,8898.2,8902.7,8895.7,8900.3,45.37347102
2020-03-02 23:58:00+00:00,8900.3,8904.6,8898.9,8902.5,30.76904766
2020-03-02 23:59:00+00:00,8902.6,8911.1,8902.5,8911.1,12.66704705
